recoil_energy,scintillation_light,ionization_charge,s1_s2_ratio,pulse_shape,position,time_of_event,particle_type
5.772373968933504,6.2783,5.1668,1.2151,0.4862,"{'x': np.float64(-6.87962719115127), 'y': np.float64(-6.880109593275947), 'z': np.float64(-8.83832775663601)}",2025-10-10T22:54:22.903231,WIMP-like
5.162690521685936,5.5816,3.1447,1.7749,0.6011,"{'x': np.float64(9.398197043239886), 'y': np.float64(6.648852816008436), 'z': np.float64(-5.753217786434477)}",2025-10-10T22:54:22.912707,WIMP-like
3.5680010040666836,3.2764,3.0656,1.0688,0.4534,"{'x': np.float64(-1.3610996271576852), 'y': np.float64(-4.175417196039161), 'z': np.float64(2.23705789444759)}",2025-10-10T22:54:22.912707,Sterile neutrino
3.6818176750053384,3.4248,2.996,1.1431,0.4258,"{'x': np.float64(5.703519227860273), 'y': np.float64(-6.006524356832806), 'z': np.float64(0.28468876827223255)}",2025-10-10T22:54:22.912707,Axion-like
3.45032460513899,3.5606,,1.5221,0.5111,"{'x': np.float64(-8.69896814029441), 'y': np.float64(8.977710745066666), 'z': np.float64(9.312640661491187)}",2025-10-10T22:54:22.912707,Axion-like
3.334136183141251,2.7855,3.1275,0.8906,0.5947,"{'x': np.float64(-1.196950125207973), 'y': np.float64(-7.5592353031044235), 'z': np.float64(-0.09646179777459629)}",2025-10-10T22:54:22.912707,Axion-like
6.678955628188586,6.2524,5.8153,1.0752,0.3779,"{'x': np.float64(0.934205586865593), 'y': np.float64(-6.302910889489459), 'z': np.float64(9.391692555291172)}",2025-10-10T22:54:22.912707,WIMP-like
4.951397685236026,5.8431,3.2208,1.8141,0.5882,"{'x': np.float64(-6.080342751617096), 'y': np.float64(-9.09545422178924), 'z': np.float64(-3.4933933847347127)}",2025-10-10T22:54:22.912707,WIMP-like
2.133764553320214,2.4212,1.6656,1.4537,0.428,"{'x': np.float64(-4.381309806252385), 'y': np.float64(0.8539216631649698), 'z': np.float64(-7.181515500504747)}",2025-10-10T22:54:22.912707,Background
6.000468618713833,6.545,5.9097,1.1075,0.5888,"{'x': np.float64(-8.519106965318192), 'y': np.float64(-2.8306854291145473), 'z': np.float64(-7.682618809497406)}",2025-10-10T22:54:22.912707,WIMP-like
,4.9313,3.3415,1.4758,0.5976,"{'x': np.float64(-3.780353565686756), 'y': np.float64(-3.496333559465059), 'z': np.float64(4.5921235667612805)}",2025-10-10T22:54:22.913713,WIMP-like
,6.7276,4.4888,1.4988,0.5297,"{'x': np.float64(4.264895744459899), 'y': np.float64(5.215700972337949), 'z': np.float64(1.2255439513899251)}",2025-10-10T22:54:22.913713,WIMP-like
4.477919702762678,4.4422,3.5823,1.24,0.6565,"{'x': np.float64(-9.491617465118097), 'y': np.float64(-7.842171460133911), 'z': np.float64(-9.371416286265315)}",2025-10-10T22:54:22.913713,Axion-like
2.234905916019624,2.2123,2.3234,0.9522,0.6042,"{'x': np.float64(-5.014155417022501), 'y': np.float64(-1.7923415392874062), 'z': np.float64(5.1110227708609735)}",2025-10-10T22:54:22.913713,Axion-like
2.995001843064187,3.5056,3.0036,1.1671,0.4498,"{'x': np.float64(2.6680751302084698), 'y': np.float64(7.429211803754356), 'z': np.float64(6.073441537982291)}",2025-10-10T22:54:22.913713,WIMP-like
8.888289551504942,10.3088,6.7543,1.5263,0.5176,"{'x': np.float64(-7.798961509446465), 'y': np.float64(-5.441296749161166), 'z': np.float64(-1.4578442274748742)}",2025-10-10T22:54:22.913713,Axion-like
5.149304076998889,4.172,4.4453,0.9385,0.5261,"{'x': np.float64(-1.6517799370244202), 'y': np.float64(-5.557843790585395), 'z': np.float64(-7.6026926533263435)}",2025-10-10T22:54:22.913713,Background
,5.2233,4.8305,1.0813,0.4834,"{'x': np.float64(4.060379177903556), 'y': np.float64(-2.7274079524141204), 'z': np.float64(9.435641654419214)}",2025-10-10T22:54:22.913713,Axion-like
1.7299876270071377,1.5693,1.0619,1.4778,0.4973,"{'x': np.float64(2.191286679597937), 'y': np.float64(0.0535804645772302), 'z': np.float64(-8.970424975000213)}",2025-10-10T22:54:22.913713,Background
5.628811971225919,5.0981,3.8269,1.3322,0.4741,"{'x': np.float64(-0.21094479444873926), 'y': np.float64(9.713009082212015), 'z': np.float64(-5.158894569769991)}",2025-10-10T22:54:22.913713,Sterile neutrino
7.952708820862245,7.1032,7.6512,0.9284,0.5752,"{'x': np.float64(-2.644337345614936), 'y': np.float64(2.646116611871589), 'z': np.float64(2.6705942152178945)}",2025-10-10T22:54:22.913713,WIMP-like
2.8776370475587627,3.2724,2.1941,1.4915,0.5077,"{'x': np.float64(-6.269629792002915), 'y': np.float64(-9.184497168904722), 'z': np.float64(1.8178588637648367)}",2025-10-10T22:54:22.913713,Axion-like
1.9686096221061304,2.1839,1.4184,1.5397,0.5069,"{'x': np.float64(3.81875476204932), 'y': np.float64(-2.265293073989252), 'z': np.float64(8.73459977473469)}",2025-10-10T22:54:22.913713,Background
3.647880749461025,3.1202,3.921,0.7958,0.4114,"{'x': np.float64(7.5467870676196185), 'y': np.float64(-4.841167445696888), 'z': np.float64(3.19968092068358)}",2025-10-10T22:54:22.913713,Sterile neutrino
5.0008197233289176,5.0811,3.6201,1.4036,0.6307,"{'x': np.float64(-8.137944643882015), 'y': np.float64(7.944315159066534), 'z': np.float64(8.008361143266608)}",2025-10-10T22:54:22.913713,Sterile neutrino
2.2757843828670095,2.0499,2.1007,0.9758,0.6191,"{'x': np.float64(7.942205199051543), 'y': np.float64(7.741728485302346), 'z': np.float64(5.597510917152476)}",2025-10-10T22:54:22.913713,Axion-like
3.217727656226688,2.7581,3.3471,0.824,0.5232,"{'x': np.float64(2.128581193191799), 'y': np.float64(-9.816058967667407), 'z': np.float64(-7.9705691426793575)}",2025-10-10T22:54:22.913713,Axion-like
4.824325921545006,5.2665,,1.1628,0.3783,"{'x': np.float64(-5.514613810788804), 'y': np.float64(4.243584426950717), 'z': np.float64(-5.255018250063999)}",2025-10-10T22:54:22.913713,Sterile neutrino
8.023201814470882,8.4776,,1.0344,0.4179,"{'x': np.float64(3.152257846006867), 'y': np.float64(1.3661720667094315), 'z': np.float64(-8.12650464343815)}",2025-10-10T22:54:22.913713,WIMP-like
2.1819348005530816,2.028,2.4548,0.8261,0.4228,"{'x': np.float64(-2.138045506664792), 'y': np.float64(7.8409311035422675), 'z': np.float64(2.622772519945258)}",2025-10-10T22:54:22.913713,WIMP-like
4.565034552694354,4.6497,3.8174,1.218,0.6454,"{'x': np.float64(-6.09514024403911), 'y': np.float64(4.4490423052301065), 'z': np.float64(-4.384552751182884)}",2025-10-10T22:54:22.913713,Background
4.553243767409106,3.9856,4.8982,0.8137,0.4863,"{'x': np.float64(9.078571540051747), 'y': np.float64(8.29728780440897), 'z': np.float64(-2.5968259948911125)}",2025-10-10T22:54:22.913713,WIMP-like
,6.7311,,1.1548,0.4927,"{'x': np.float64(-4.111022158608286), 'y': np.float64(-2.298045427961495), 'z': np.float64(7.022733430337137)}",2025-10-10T22:54:22.913713,Sterile neutrino
2.8869898323771093,2.8848,3.0127,0.9575,0.4487,"{'x': np.float64(3.9205959334994596), 'y': np.float64(1.4012234017872984), 'z': np.float64(-8.05647012458463)}",2025-10-10T22:54:22.913713,Sterile neutrino
4.549641821570788,5.3105,4.4774,1.1861,0.3857,"{'x': np.float64(3.9403148199053604), 'y': np.float64(4.049681679742186), 'z': np.float64(-2.8101769756048967)}",2025-10-10T22:54:22.913713,Sterile neutrino
6.9768440907443505,7.9208,7.283,1.0876,0.4396,"{'x': np.float64(8.264811051129428), 'y': np.float64(0.22684797721875682), 'z': np.float64(0.030325893743992083)}",2025-10-10T22:54:22.913713,WIMP-like
5.9330200336827,6.4439,5.9497,1.0831,0.6136,"{'x': np.float64(7.8001068363513255), 'y': np.float64(-3.240096862969284), 'z': np.float64(-2.48834094720112)}",2025-10-10T22:54:22.913713,Background
4.919118942550966,3.9637,4.0534,0.9779,0.4144,"{'x': np.float64(0.8528926941515316), 'y': np.float64(-4.269174957434312), 'z': np.float64(1.816665211380215)}",2025-10-10T22:54:22.913713,WIMP-like
3.463732696226158,3.0116,,0.988,0.6089,"{'x': np.float64(5.399871061972217), 'y': np.float64(-5.683579450063137), 'z': np.float64(2.4578095163800047)}",2025-10-10T22:54:22.913713,Background
14.656792220094472,15.6119,14.2515,1.0955,0.6843,"{'x': np.float64(9.517041589250692), 'y': np.float64(0.3260069660239058), 'z': np.float64(-3.5408705411750807)}",2025-10-10T22:54:22.913713,WIMP-like
3.19654205707955,3.1405,2.0577,1.5262,0.5852,"{'x': np.float64(-9.49298513169085), 'y': np.float64(9.252968293558503), 'z': np.float64(6.719602410244118)}",2025-10-10T22:54:22.913713,Sterile neutrino
3.074387039995546,2.6486,2.0664,1.2818,0.6661,"{'x': np.float64(-4.995142036708094), 'y': np.float64(0.984533294122409), 'z': np.float64(4.291918454001246)}",2025-10-10T22:54:22.915219,Sterile neutrino
2.4459130874869413,2.82,2.3118,1.2198,0.5918,"{'x': np.float64(1.0870810502280133), 'y': np.float64(2.2344149246870444), 'z': np.float64(-1.6079987514442013)}",2025-10-10T22:54:22.915219,Axion-like
,3.4308,1.8884,1.8168,0.372,"{'x': np.float64(-7.678547189861675), 'y': np.float64(-9.079947159564945), 'z': np.float64(-9.185423953620598)}",2025-10-10T22:54:22.915219,WIMP-like
5.5746286696442,5.5374,3.6308,1.5251,0.5775,"{'x': np.float64(-0.1676824976633533), 'y': np.float64(-0.5305645843886868), 'z': np.float64(-6.535962601799696)}",2025-10-10T22:54:22.915219,WIMP-like
1.7105950367127873,1.7295,1.5166,1.1404,0.37,"{'x': np.float64(-9.09391980455911), 'y': np.float64(-2.5077477074705756), 'z': np.float64(2.5171983142847267)}",2025-10-10T22:54:22.915219,Axion-like
7.923612915015228,8.526,5.4634,1.5606,0.501,"{'x': np.float64(-8.588625051991404), 'y': np.float64(2.8483855641263123), 'z': np.float64(-9.469773789167563)}",2025-10-10T22:54:22.915219,Sterile neutrino
6.174573961240849,6.381,4.9186,1.2973,0.5126,"{'x': np.float64(2.8657643688470635), 'y': np.float64(-0.8349421901696665), 'z': np.float64(0.9123357863186996)}",2025-10-10T22:54:22.915219,WIMP-like
4.163621194496253,4.9205,4.373,1.1252,0.5588,"{'x': np.float64(-6.084177304214071), 'y': np.float64(-8.612773982496691), 'z': np.float64(-7.984439972451467)}",2025-10-10T22:54:22.915219,Axion-like
3.5365609360642516,3.2596,,0.9072,0.5208,"{'x': np.float64(-9.534561285283482), 'y': np.float64(6.289369651778717), 'z': np.float64(-4.362904504532001)}",2025-10-10T22:54:22.915219,WIMP-like
5.332109665340456,5.6339,5.5651,1.0124,0.4307,"{'x': np.float64(4.701420876077716), 'y': np.float64(6.06961860769697), 'z': np.float64(-4.35930854857387)}",2025-10-10T22:54:22.915219,Background
,6.6302,6.4679,1.0251,0.429,"{'x': np.float64(-1.7476464617714704), 'y': np.float64(-2.559638284144336), 'z': np.float64(5.528259214839936)}",2025-10-10T22:54:22.915219,Sterile neutrino
,6.7364,4.7988,1.4038,0.4798,"{'x': np.float64(5.017421355829947), 'y': np.float64(5.0908574816936465), 'z': np.float64(-7.937522623281348)}",2025-10-10T22:54:22.915219,Background
4.476087579383308,5.0978,3.4269,1.4876,0.5931,"{'x': np.float64(7.9104645699240095), 'y': np.float64(-2.215966425316738), 'z': np.float64(-9.783246970394032)}",2025-10-10T22:54:22.915219,Sterile neutrino
,6.2202,4.6733,1.331,0.487,"{'x': np.float64(2.6367442433959845), 'y': np.float64(-1.031089560433605), 'z': np.float64(-4.135784566038709)}",2025-10-10T22:54:22.915219,Axion-like
8.137185298287266,9.0127,8.1518,1.1056,0.3803,"{'x': np.float64(5.792362855891078), 'y': np.float64(-8.175877939026194), 'z': np.float64(-0.11159390594837149)}",2025-10-10T22:54:22.915219,Sterile neutrino
,4.5459,4.8589,0.9356,0.4323,"{'x': np.float64(-2.9816997489584267), 'y': np.float64(-7.658659671447882), 'z': np.float64(-7.140166358943283)}",2025-10-10T22:54:22.916228,Sterile neutrino
6.114043625040135,5.1197,3.9112,1.309,0.6358,"{'x': np.float64(4.019382629182399), 'y': np.float64(-8.544739872716129), 'z': np.float64(6.437201185807126)}",2025-10-10T22:54:22.916228,Axion-like
3.524172539957112,2.9532,3.8717,0.7628,0.5232,"{'x': np.float64(-2.514584084877594), 'y': np.float64(-2.587157058662182), 'z': np.float64(6.255991345150051)}",2025-10-10T22:54:22.916228,Sterile neutrino
3.2237231885498283,2.6795,,0.843,0.636,"{'x': np.float64(1.1680849947161), 'y': np.float64(-1.5155598150604739), 'z': np.float64(8.12708770189472)}",2025-10-10T22:54:22.916228,WIMP-like
4.39116337173577,3.5716,3.7038,0.9643,0.3997,"{'x': np.float64(-8.873934486363254), 'y': np.float64(-7.623641674638561), 'z': np.float64(-7.649475064457903)}",2025-10-10T22:54:22.916228,Axion-like
8.451569436015198,8.744,9.148,0.9558,0.5771,"{'x': np.float64(-2.5025884095259183), 'y': np.float64(-4.285758274362785), 'z': np.float64(7.3719825637892065)}",2025-10-10T22:54:22.916228,Axion-like
5.04361080847946,4.1584,4.3961,0.9459,0.5013,"{'x': np.float64(9.38605071238198), 'y': np.float64(0.46195688340297636), 'z': np.float64(2.5879727627052507)}",2025-10-10T22:54:22.916228,Axion-like
3.619048648048422,3.7954,3.2217,1.1781,0.686,"{'x': np.float64(8.023160209819778), 'y': np.float64(-9.091072393170842), 'z': np.float64(-4.380736208155394)}",2025-10-10T22:54:22.916228,Background
13.365973436521804,12.2025,9.2971,1.3125,0.4192,"{'x': np.float64(-0.7260319012003578), 'y': np.float64(-2.9329554394789437), 'z': np.float64(1.6731222370174414)}",2025-10-10T22:54:22.916228,Background
1.7335108202145395,1.9385,1.623,1.1944,0.5362,"{'x': np.float64(-6.747661213102174), 'y': np.float64(8.21854368987685), 'z': np.float64(6.450744858463381)}",2025-10-10T22:54:22.916228,Sterile neutrino
2.351830489531831,2.717,2.3926,1.1356,0.6831,"{'x': np.float64(-9.095626597876212), 'y': np.float64(-9.47266051005496), 'z': np.float64(-2.4707326624390085)}",2025-10-10T22:54:22.916228,Axion-like
5.092702936071126,4.9477,5.6366,0.8778,0.3903,"{'x': np.float64(6.842378462714173), 'y': np.float64(6.766574094222758), 'z': np.float64(-0.6261368041005948)}",2025-10-10T22:54:22.916228,Sterile neutrino
2.077353703247795,1.661,2.0847,0.7968,0.4401,"{'x': np.float64(6.258020182601552), 'y': np.float64(9.994353465722611), 'z': np.float64(9.93273674147811)}",2025-10-10T22:54:22.916228,WIMP-like
9.548287263065946,11.2667,9.8025,1.1494,0.5312,"{'x': np.float64(-5.053037965136047), 'y': np.float64(-0.9891172937981292), 'z': np.float64(-7.4168116969701)}",2025-10-10T22:54:22.916228,Axion-like
4.780774496662011,4.2429,4.4542,0.9526,0.5514,"{'x': np.float64(2.3625648091579166), 'y': np.float64(-2.8367456393431905), 'z': np.float64(-7.72884815600742)}",2025-10-10T22:54:22.916228,WIMP-like
5.1188623461822615,5.6101,4.3511,1.2893,0.7047,"{'x': np.float64(7.043630006370801), 'y': np.float64(1.0381367754897113), 'z': np.float64(1.2187594307077259)}",2025-10-10T22:54:22.916228,Sterile neutrino
3.8885163151384767,3.3778,2.4312,1.3894,0.5972,"{'x': np.float64(5.1027451134723805), 'y': np.float64(2.406191027069294), 'z': np.float64(4.081595361984471)}",2025-10-10T22:54:22.916228,Background
3.5726279498786226,2.9075,2.7973,1.0394,0.4658,"{'x': np.float64(1.7983537370926612), 'y': np.float64(-2.155119098005354), 'z': np.float64(-1.2505015595254179)}",2025-10-10T22:54:22.916228,Sterile neutrino
3.9024725652062147,3.9388,,1.0139,0.5718,"{'x': np.float64(-2.069144353574597), 'y': np.float64(2.4417340045574694), 'z': np.float64(7.247274174934905)}",2025-10-10T22:54:22.916228,WIMP-like
4.4096123239437786,4.0186,3.6906,1.0889,0.5796,"{'x': np.float64(9.600651505709543), 'y': np.float64(-0.14763812014260758), 'z': np.float64(-3.424967794249836)}",2025-10-10T22:54:22.916228,Axion-like
2.4211468287918403,1.9384,,1.2497,0.567,"{'x': np.float64(-7.439083220844552), 'y': np.float64(-6.9619461297541125), 'z': np.float64(-7.223456547011797)}",2025-10-10T22:54:22.916228,Sterile neutrino
2.54126139530866,2.4246,2.7091,0.895,0.5488,"{'x': np.float64(-0.5207671947425538), 'y': np.float64(3.3511547704205427), 'z': np.float64(-6.553602575967403)}",2025-10-10T22:54:22.917236,Axion-like
3.4101226610256568,2.9938,2.2152,1.3514,0.4207,"{'x': np.float64(-7.587282577987984), 'y': np.float64(-0.7844246393454846), 'z': np.float64(-5.87332563188415)}",2025-10-10T22:54:22.917236,Background
4.622519451580149,4.9636,2.8581,1.7367,0.2717,"{'x': np.float64(5.988207978180853), 'y': np.float64(2.5580077898181557), 'z': np.float64(-8.364819361022562)}",2025-10-10T22:54:22.917236,Background
4.176792523696196,4.7559,4.1273,1.1523,0.4779,"{'x': np.float64(-6.3095796128724535), 'y': np.float64(-5.813013533265794), 'z': np.float64(-2.5905579441723603)}",2025-10-10T22:54:22.917236,Background
14.668815964412186,13.9184,12.2101,1.1399,0.4689,"{'x': np.float64(4.94941876267513), 'y': np.float64(-9.266335942188043), 'z': np.float64(-4.951261113119585)}",2025-10-10T22:54:22.917236,Axion-like
5.995072663062508,6.0071,5.1783,1.1601,0.5311,"{'x': np.float64(-7.856559773204479), 'y': np.float64(-1.0517526635309071), 'z': np.float64(0.6523453291004628)}",2025-10-10T22:54:22.917236,Sterile neutrino
2.9717569797808743,2.8417,1.823,1.5588,0.4095,"{'x': np.float64(-3.5584166883364343), 'y': np.float64(-5.7710398600691075), 'z': np.float64(-3.4500529564417075)}",2025-10-10T22:54:22.917236,Axion-like
10.413730657055003,11.6234,,1.3138,0.5882,"{'x': np.float64(-8.261594238251526), 'y': np.float64(0.742130836370956), 'z': np.float64(1.736822360417582)}",2025-10-10T22:54:22.917236,Axion-like
3.5692333943775814,3.0601,2.6676,1.1471,0.6582,"{'x': np.float64(-2.738354072027298), 'y': np.float64(2.9183448266320244), 'z': np.float64(1.4155660933782386)}",2025-10-10T22:54:22.917236,Sterile neutrino
2.1513764845409615,1.8724,1.5065,1.2429,0.5563,"{'x': np.float64(-5.080845432309838), 'y': np.float64(-6.786372534808887), 'z': np.float64(-6.268659518973885)}",2025-10-10T22:54:22.917236,Background
2.977579660566962,3.4316,1.8957,1.8101,0.4455,"{'x': np.float64(0.4902277914050934), 'y': np.float64(-1.7920634602067693), 'z': np.float64(9.647572338172129)}",2025-10-10T22:54:22.917236,Background
4.064746653582362,4.7238,4.1073,1.1501,0.4092,"{'x': np.float64(6.3414414189856), 'y': np.float64(-4.841943459101204), 'z': np.float64(-6.582248252198683)}",2025-10-10T22:54:22.917236,Sterile neutrino
5.837620081539172,5.9692,5.1701,1.1545,0.5208,"{'x': np.float64(-4.4004181267943165), 'y': np.float64(5.389858663838737), 'z': np.float64(-6.259125028849533)}",2025-10-10T22:54:22.917236,Axion-like
,3.0692,2.2068,1.3908,0.3195,"{'x': np.float64(-7.703263505215929), 'y': np.float64(2.212400848832651), 'z': np.float64(-4.227388935194885)}",2025-10-10T22:54:22.917236,Axion-like
2.570236137755843,2.5165,2.1966,1.1456,0.5268,"{'x': np.float64(-8.963529263551461), 'y': np.float64(-3.267914436121588), 'z': np.float64(-7.311706461220515)}",2025-10-10T22:54:22.917236,Background
7.348833475172665,6.6849,6.9732,0.9587,0.4423,"{'x': np.float64(5.204557197793731), 'y': np.float64(1.9127748121568864), 'z': np.float64(-0.5684762289968326)}",2025-10-10T22:54:22.917236,WIMP-like
1.9345257329064802,2.1672,1.8777,1.1541,0.3967,"{'x': np.float64(9.300538213330253), 'y': np.float64(-7.514055530289106), 'z': np.float64(4.617349504072886)}",2025-10-10T22:54:22.917236,WIMP-like
4.69011643982114,4.8194,,1.0087,0.4844,"{'x': np.float64(-7.20455246747421), 'y': np.float64(5.905346237197804), 'z': np.float64(-5.967453599045109)}",2025-10-10T22:54:22.917236,WIMP-like
3.9034928449544553,4.3029,3.5643,1.2072,0.4681,"{'x': np.float64(0.4613084953823865), 'y': np.float64(-2.8233903175299506), 'z': np.float64(7.5440108162621655)}",2025-10-10T22:54:22.917236,Axion-like
,7.9722,6.4427,1.2374,0.4592,"{'x': np.float64(-0.7464042866078717), 'y': np.float64(-3.972442516717159), 'z': np.float64(4.952187603525022)}",2025-10-10T22:54:22.917236,Axion-like
2.1246030961278914,2.3588,1.6106,1.4645,0.5016,"{'x': np.float64(0.8710572222797719), 'y': np.float64(8.12944221929094), 'z': np.float64(2.484759918279842)}",2025-10-10T22:54:22.917236,Background
2.1785577747017393,1.831,2.1334,0.8583,0.6144,"{'x': np.float64(2.4014551185702704), 'y': np.float64(0.6692218395264309), 'z': np.float64(7.877851661019154)}",2025-10-10T22:54:22.917236,WIMP-like
3.540052004292618,3.2479,2.5438,1.2768,0.5404,"{'x': np.float64(4.878925851453539), 'y': np.float64(-9.329351305284412), 'z': np.float64(1.39779369742633)}",2025-10-10T22:54:22.917236,Background
5.706101222717657,5.3347,5.755,0.927,0.5334,"{'x': np.float64(-7.7873652608958555), 'y': np.float64(6.929045834690363), 'z': np.float64(-7.450226753360352)}",2025-10-10T22:54:22.917236,Background
8.516673569096277,7.3348,,1.2034,0.4555,"{'x': np.float64(4.445051367861325), 'y': np.float64(4.400730730921488), 'z': np.float64(2.8229526577059456)}",2025-10-10T22:54:22.917236,Background
5.570826582923694,4.9637,4.259,1.1655,0.6877,"{'x': np.float64(-6.368045663971486), 'y': np.float64(8.169011226672566), 'z': np.float64(1.6678358953224084)}",2025-10-10T22:54:22.917236,Sterile neutrino
2.8778179934924024,3.3844,1.9426,1.7422,0.2675,"{'x': np.float64(1.7245966403359443), 'y': np.float64(0.11777357768932006), 'z': np.float64(2.229084708692957)}",2025-10-10T22:54:22.917236,WIMP-like
4.635346514820642,5.106,5.0236,1.0164,0.5726,"{'x': np.float64(4.144772686267972), 'y': np.float64(-6.949219141714773), 'z': np.float64(1.5257672033362635)}",2025-10-10T22:54:22.917236,WIMP-like
2.23584067691465,2.5084,2.4456,1.0257,0.6887,"{'x': np.float64(8.511370258135528), 'y': np.float64(-0.9832125719173579), 'z': np.float64(-7.735239083184895)}",2025-10-10T22:54:22.918228,Sterile neutrino
4.599007712390362,4.7766,3.6844,1.2964,0.6094,"{'x': np.float64(-8.904767223559373), 'y': np.float64(-3.296055167081981), 'z': np.float64(6.057068971960227)}",2025-10-10T22:54:22.918228,Sterile neutrino
6.878399949158277,8.0154,5.3062,1.5106,0.2679,"{'x': np.float64(-3.0609359620754457), 'y': np.float64(4.750024962194967), 'z': np.float64(-0.9556411822038573)}",2025-10-10T22:54:22.918228,WIMP-like
3.933370575555005,3.3707,2.7088,1.2443,0.3497,"{'x': np.float64(-0.03264454521040605), 'y': np.float64(-1.6214910099090414), 'z': np.float64(8.296918021362)}",2025-10-10T22:54:22.918228,Sterile neutrino
,8.0993,4.6658,1.7359,0.3155,"{'x': np.float64(3.270747440334212), 'y': np.float64(-6.439280662604972), 'z': np.float64(9.221406349389103)}",2025-10-10T22:54:22.918228,Background
3.8203449067980686,3.2681,,0.7594,0.3893,"{'x': np.float64(0.04390020662485128), 'y': np.float64(1.9077003464008762), 'z': np.float64(-8.65847045223145)}",2025-10-10T22:54:22.918228,Axion-like
3.037679396825258,3.513,2.1291,1.65,0.5674,"{'x': np.float64(-6.186245586726669), 'y': np.float64(-9.269006643038102), 'z': np.float64(-0.5586610978000159)}",2025-10-10T22:54:22.918228,Background
3.0471010387306423,3.4838,,1.343,0.5106,"{'x': np.float64(0.4878053865516012), 'y': np.float64(-1.1847450612354375), 'z': np.float64(-1.98473878249348)}",2025-10-10T22:54:22.918228,WIMP-like
2.5253856147742084,2.1709,2.5642,0.8466,0.5204,"{'x': np.float64(8.922309242672654), 'y': np.float64(-2.533813674404941), 'z': np.float64(-4.585106537128924)}",2025-10-10T22:54:22.918228,Sterile neutrino
2.5673770642779,2.0838,1.7441,1.1948,0.6752,"{'x': np.float64(4.3194445769479515), 'y': np.float64(3.178478838203027), 'z': np.float64(-9.45808014993033)}",2025-10-10T22:54:22.918228,Axion-like
3.172080498601206,3.3678,1.9217,1.7525,0.4272,"{'x': np.float64(-7.917828360308523), 'y': np.float64(5.998321707463788), 'z': np.float64(-6.429106758913328)}",2025-10-10T22:54:22.918228,WIMP-like
2.3893058519705117,2.0428,1.7553,1.1638,0.5713,"{'x': np.float64(4.445338637113183), 'y': np.float64(7.113929362125717), 'z': np.float64(6.604397291339833)}",2025-10-10T22:54:22.918228,Sterile neutrino
10.272273246582888,9.0036,7.6212,1.1814,0.3993,"{'x': np.float64(7.926716370422394), 'y': np.float64(-9.73996152978528), 'z': np.float64(-8.28982938291064)}",2025-10-10T22:54:22.918228,Axion-like
5.3275862332029424,5.1097,5.5199,0.9257,0.3749,"{'x': np.float64(6.3488712347688185), 'y': np.float64(-3.1636529660424806), 'z': np.float64(-4.81153133137415)}",2025-10-10T22:54:22.918228,Axion-like
8.681977215150594,7.85,7.892,0.9947,0.3247,"{'x': np.float64(-1.811766956175191), 'y': np.float64(1.0409436170396056), 'z': np.float64(-1.2774694172936663)}",2025-10-10T22:54:22.918228,Sterile neutrino
,5.5055,3.3371,1.6498,0.4903,"{'x': np.float64(7.369359517958255), 'y': np.float64(-0.25137603500972716), 'z': np.float64(7.891044537881829)}",2025-10-10T22:54:22.918228,Axion-like
3.818192864264757,3.0654,2.7825,1.1017,0.6346,"{'x': np.float64(0.8326842932173388), 'y': np.float64(2.6695643965229454), 'z': np.float64(-4.842246291335954)}",2025-10-10T22:54:22.918228,WIMP-like
4.846055371600633,5.8272,4.2119,1.3835,0.4816,"{'x': np.float64(-6.5664142830339305), 'y': np.float64(-4.553853469612621), 'z': np.float64(-9.632186469050666)}",2025-10-10T22:54:22.918228,Sterile neutrino
2.0269777829510356,2.0272,1.8368,1.1037,0.5552,"{'x': np.float64(6.594836074144034), 'y': np.float64(-5.871574564787936), 'z': np.float64(-9.780083426830391)}",2025-10-10T22:54:22.918228,Background
5.176274044716196,5.2986,4.75,1.1155,0.5983,"{'x': np.float64(-6.492574427531008), 'y': np.float64(8.288238918499196), 'z': np.float64(-1.6245895021585373)}",2025-10-10T22:54:22.918228,WIMP-like
5.482830527998959,4.4454,3.709,1.1986,0.263,"{'x': np.float64(4.760672328527409), 'y': np.float64(-8.344026641497472), 'z': np.float64(2.0630421893277635)}",2025-10-10T22:54:22.918228,WIMP-like
3.2646198765096295,3.022,2.5677,1.177,0.3593,"{'x': np.float64(4.380918103684909), 'y': np.float64(-4.057565687536499), 'z': np.float64(1.3280928059379438)}",2025-10-10T22:54:22.918228,Sterile neutrino
12.706070865863655,14.905,12.2602,1.2157,0.4695,"{'x': np.float64(-5.701192428184864), 'y': np.float64(-9.376337298774306), 'z': np.float64(-4.754719114003498)}",2025-10-10T22:54:22.918228,Sterile neutrino
3.2961429228120673,3.3559,3.0194,1.1114,0.5122,"{'x': np.float64(-3.315122183660783), 'y': np.float64(5.418244074916439), 'z': np.float64(-7.868034937324564)}",2025-10-10T22:54:22.918228,Axion-like
4.9320195155587845,4.8945,4.6298,1.0572,0.4665,"{'x': np.float64(-1.3034532279250755), 'y': np.float64(-5.071959335217864), 'z': np.float64(6.382046353483993)}",2025-10-10T22:54:22.918228,WIMP-like
6.171030170643127,5.5881,5.5036,1.0154,0.5973,"{'x': np.float64(-2.7805220611994645), 'y': np.float64(-8.168358533467316), 'z': np.float64(8.346271509244858)}",2025-10-10T22:54:22.918228,Axion-like
2.2236091830233917,2.356,2.4016,0.981,0.4774,"{'x': np.float64(4.644497728191224), 'y': np.float64(6.131222957228996), 'z': np.float64(3.1756673342143475)}",2025-10-10T22:54:22.918228,WIMP-like
6.742210807804382,6.1193,,1.0653,0.5459,"{'x': np.float64(-5.5758111636079555), 'y': np.float64(9.753360159932939), 'z': np.float64(8.881186793732265)}",2025-10-10T22:54:22.918228,WIMP-like
6.7338430551628115,5.49,6.4019,0.8576,0.5134,"{'x': np.float64(-4.053019852548985), 'y': np.float64(8.487923907530607), 'z': np.float64(9.421164903307357)}",2025-10-10T22:54:22.918228,Background
4.378857012642959,5.0302,4.4918,1.1199,0.5682,"{'x': np.float64(-3.6179905351348873), 'y': np.float64(6.578309483013548), 'z': np.float64(-9.259847305690148)}",2025-10-10T22:54:22.919227,WIMP-like
2.1593261532290597,1.8829,,1.3285,0.5501,"{'x': np.float64(3.925775517562794), 'y': np.float64(-3.2025007246386767), 'z': np.float64(4.4953354305752296)}",2025-10-10T22:54:22.919227,Axion-like
4.101348936467609,4.1464,4.063,1.0205,0.456,"{'x': np.float64(-3.6249499413586017), 'y': np.float64(2.517827528740181), 'z': np.float64(7.719554964723741)}",2025-10-10T22:54:22.919227,Axion-like
2.2950736804470258,1.8483,2.3625,0.7823,0.5586,"{'x': np.float64(-9.574611782992257), 'y': np.float64(7.49403345368399), 'z': np.float64(0.5787426805442397)}",2025-10-10T22:54:22.919227,Background
3.4505865434010743,3.4324,3.1619,1.0856,0.6409,"{'x': np.float64(7.4735422837267755), 'y': np.float64(9.681669383985902), 'z': np.float64(5.365468277290365)}",2025-10-10T22:54:22.919227,Axion-like
,2.1167,1.3906,1.5222,0.3241,"{'x': np.float64(-7.790517737372107), 'y': np.float64(-2.9075568471844697), 'z': np.float64(-4.255220166918365)}",2025-10-10T22:54:22.919227,Sterile neutrino
2.765135356320828,2.2158,1.6518,1.3414,0.4232,"{'x': np.float64(9.75444779472063), 'y': np.float64(-1.4445373252827522), 'z': np.float64(-2.313467056806367)}",2025-10-10T22:54:22.919227,Background
2.706770355654415,3.0963,2.6061,1.1881,0.5683,"{'x': np.float64(-8.21177995375481), 'y': np.float64(-1.6483844843014328), 'z': np.float64(7.582366151243292)}",2025-10-10T22:54:22.919227,Axion-like
4.348021925807673,4.5706,,1.5294,0.5675,"{'x': np.float64(9.823372522739533), 'y': np.float64(-5.3665659723311325), 'z': np.float64(8.854635482702513)}",2025-10-10T22:54:22.919227,Axion-like
8.002291654142258,8.0737,5.7462,1.405,0.6621,"{'x': np.float64(-6.469439359889835), 'y': np.float64(-5.590275818596493), 'z': np.float64(-6.271234757114909)}",2025-10-10T22:54:22.919227,Sterile neutrino
3.2831603832706,2.6823,3.5341,0.759,0.6189,"{'x': np.float64(7.675717699268514), 'y': np.float64(8.55504566390426), 'z': np.float64(9.898156452928706)}",2025-10-10T22:54:22.919227,Background
3.700498531012651,4.1025,3.5251,1.1638,0.3826,"{'x': np.float64(-6.922081873202899), 'y': np.float64(6.316662499812356), 'z': np.float64(-5.511188563266787)}",2025-10-10T22:54:22.919227,Sterile neutrino
4.953330139966838,5.1447,4.4149,1.1653,0.3484,"{'x': np.float64(-8.170263252044903), 'y': np.float64(7.549217252607608), 'z': np.float64(-4.687999148225879)}",2025-10-10T22:54:22.919227,Background
5.9180826575862335,6.0008,3.7845,1.5856,0.6084,"{'x': np.float64(-1.8309357385860263), 'y': np.float64(-2.5462296597537204), 'z': np.float64(-4.804924324793475)}",2025-10-10T22:54:22.919227,Background
4.312632195624635,3.6694,3.1301,1.1723,0.6795,"{'x': np.float64(3.6651752731919185), 'y': np.float64(-8.477382810193996), 'z': np.float64(7.024138280975375)}",2025-10-10T22:54:22.919227,WIMP-like
0.8522151162426335,0.8154,0.796,1.0243,0.413,"{'x': np.float64(-3.043815841956139), 'y': np.float64(3.560323051181271), 'z': np.float64(1.3146392799158217)}",2025-10-10T22:54:22.919227,Axion-like
6.004834026216467,6.7152,5.5765,1.2042,0.4641,"{'x': np.float64(7.011634581884838), 'y': np.float64(7.345884019196049), 'z': np.float64(4.167259534300696)}",2025-10-10T22:54:22.920229,Axion-like
5.7410253427718905,6.1767,5.239,1.179,0.5857,"{'x': np.float64(5.054332791152824), 'y': np.float64(-6.827897894138526), 'z': np.float64(7.617415183978569)}",2025-10-10T22:54:22.920229,WIMP-like
4.117938292288928,3.8505,4.006,0.9612,0.5147,"{'x': np.float64(-6.784802079033836), 'y': np.float64(6.359340482381242), 'z': np.float64(6.64268355915484)}",2025-10-10T22:54:22.920229,Sterile neutrino
4.001521467751026,3.6624,3.6369,1.007,0.5003,"{'x': np.float64(9.62372356054847), 'y': np.float64(2.636270540333367), 'z': np.float64(-4.803928378716805)}",2025-10-10T22:54:22.920229,WIMP-like
6.102239934827753,6.8816,4.0443,1.7015,0.7163,"{'x': np.float64(5.220558050040561), 'y': np.float64(0.825331573522206), 'z': np.float64(9.259840077179891)}",2025-10-10T22:54:22.920229,Axion-like
,9.6205,5.3422,1.8008,0.3559,"{'x': np.float64(8.744569744729024), 'y': np.float64(3.7577144460162675), 'z': np.float64(-8.643258817896562)}",2025-10-10T22:54:22.920229,Axion-like
7.668266281613531,6.3395,6.8312,0.928,0.3973,"{'x': np.float64(-3.0823388609408653), 'y': np.float64(2.4183103553495418), 'z': np.float64(-9.085159323749743)}",2025-10-10T22:54:22.920229,WIMP-like
5.406750106522368,4.3607,3.2903,1.3253,0.4474,"{'x': np.float64(-3.5277956170091755), 'y': np.float64(-0.2271361919066841), 'z': np.float64(5.4081483561558645)}",2025-10-10T22:54:22.920229,WIMP-like
3.442877488528702,3.0879,3.73,0.8279,0.6881,"{'x': np.float64(-1.4763739552805415), 'y': np.float64(-0.97225951340649), 'z': np.float64(-6.727523576166616)}",2025-10-10T22:54:22.920229,WIMP-like
6.147541877121985,5.5062,3.9745,1.3854,0.5987,"{'x': np.float64(3.6099860414942615), 'y': np.float64(3.090224285622705), 'z': np.float64(-4.534809460035813)}",2025-10-10T22:54:22.920229,Axion-like
,6.0042,5.7026,1.0529,0.4901,"{'x': np.float64(-2.0481120407441145), 'y': np.float64(-4.515695953026599), 'z': np.float64(9.679552959196563)}",2025-10-10T22:54:22.920229,WIMP-like
7.007917945455061,6.2628,4.9609,1.2624,0.4793,"{'x': np.float64(-9.377318342309772), 'y': np.float64(3.033336507517701), 'z': np.float64(-2.629473125524777)}",2025-10-10T22:54:22.920229,WIMP-like
,5.1069,,1.7138,0.6117,"{'x': np.float64(7.372463359112217), 'y': np.float64(5.531937055834835), 'z': np.float64(5.41843689288104)}",2025-10-10T22:54:22.920229,Sterile neutrino
5.534138628982426,5.9252,,1.5782,0.5608,"{'x': np.float64(-9.349476410174962), 'y': np.float64(8.416956956313737), 'z': np.float64(2.3330062904147617)}",2025-10-10T22:54:22.920229,WIMP-like
4.280045284987937,3.6291,,1.2782,0.644,"{'x': np.float64(3.711305744579427), 'y': np.float64(-1.3938821020107461), 'z': np.float64(-5.989505465993266)}",2025-10-10T22:54:22.920229,Axion-like
3.064258967210802,3.1958,2.2728,1.4061,0.4986,"{'x': np.float64(5.951182012743763), 'y': np.float64(-3.7927608215285247), 'z': np.float64(-0.8955970183639756)}",2025-10-10T22:54:22.920229,Sterile neutrino
3.596213147531708,3.7176,,1.3944,0.2576,"{'x': np.float64(3.8996377225308514), 'y': np.float64(7.20244794378409), 'z': np.float64(5.597019777866997)}",2025-10-10T22:54:22.920229,Background
4.451302209368411,3.7281,3.1926,1.1677,0.4429,"{'x': np.float64(9.733251865342929), 'y': np.float64(-7.150089141969735), 'z': np.float64(-0.02223693097287871)}",2025-10-10T22:54:22.920229,Axion-like
,9.7306,5.7488,1.6926,0.5877,"{'x': np.float64(-3.4707738351201627), 'y': np.float64(0.354232867694229), 'z': np.float64(-8.242670017103332)}",2025-10-10T22:54:22.920229,Axion-like
3.881691306791198,3.257,3.1278,1.0413,0.4914,"{'x': np.float64(-7.345684919138793), 'y': np.float64(1.3508169652311626), 'z': np.float64(3.7892993827453143)}",2025-10-10T22:54:22.920735,Background
3.3627667315721337,2.9203,2.1971,1.3292,0.5573,"{'x': np.float64(2.728604990872734), 'y': np.float64(4.129514529738023), 'z': np.float64(-9.36827710348716)}",2025-10-10T22:54:22.920735,Axion-like
11.044567888634239,12.7349,,1.1999,0.5358,"{'x': np.float64(6.034561661395838), 'y': np.float64(-3.210996149143879), 'z': np.float64(6.296502274930244)}",2025-10-10T22:54:22.920735,Background
8.701899184772607,8.4947,7.9826,1.0642,0.5198,"{'x': np.float64(0.5280532187222633), 'y': np.float64(4.6317904351066375), 'z': np.float64(-8.367400359388208)}",2025-10-10T22:54:22.920735,Background
2.6572396399776275,2.9858,2.4867,1.2007,0.4471,"{'x': np.float64(-0.03608567093722037), 'y': np.float64(1.1072710187526251), 'z': np.float64(4.384035565445277)}",2025-10-10T22:54:22.920735,Axion-like
4.422350589033918,4.0187,4.2941,0.9359,0.512,"{'x': np.float64(-8.556031820416482), 'y': np.float64(-9.386949955883878), 'z': np.float64(-4.846342229775726)}",2025-10-10T22:54:22.920735,WIMP-like
7.714458897168909,8.4359,7.5117,1.123,0.4889,"{'x': np.float64(-1.490133311038493), 'y': np.float64(-3.0813001490607412), 'z': np.float64(-2.5792247403079465)}",2025-10-10T22:54:22.920735,WIMP-like
4.962072808957801,4.8908,4.8266,1.0133,0.6047,"{'x': np.float64(-0.26662117150594256), 'y': np.float64(7.468464761633211), 'z': np.float64(8.014037280225171)}",2025-10-10T22:54:22.920735,Background
1.8992362092269526,2.054,2.0921,0.9818,0.4427,"{'x': np.float64(-5.786756219886668), 'y': np.float64(2.4593316712696556), 'z': np.float64(2.631204401850411)}",2025-10-10T22:54:22.920735,Sterile neutrino
3.216128668088871,3.5609,3.4567,1.0302,0.5396,"{'x': np.float64(-6.406337822595161), 'y': np.float64(-5.249133501522447), 'z': np.float64(9.427901880832792)}",2025-10-10T22:54:22.920735,Background
5.274770423591649,5.253,3.813,1.3777,0.4709,"{'x': np.float64(7.4149980254502275), 'y': np.float64(-1.0938948999466902), 'z': np.float64(0.29634707859380427)}",2025-10-10T22:54:22.920735,Background
,6.8883,6.3322,1.0878,0.326,"{'x': np.float64(9.38824644670575), 'y': np.float64(-4.837331345977449), 'z': np.float64(3.134733290825844)}",2025-10-10T22:54:22.920735,Background
7.813559223693249,6.6466,8.4601,0.7856,0.4292,"{'x': np.float64(-0.924209172327215), 'y': np.float64(-5.278990733070721), 'z': np.float64(-8.530065053399747)}",2025-10-10T22:54:22.920735,WIMP-like
4.6268748305892125,4.3535,4.7244,0.9215,0.3717,"{'x': np.float64(-1.3822495267638821), 'y': np.float64(-5.025714548247402), 'z': np.float64(2.3428997320806015)}",2025-10-10T22:54:22.920735,WIMP-like
2.969895209758535,2.5552,1.8223,1.4022,0.5521,"{'x': np.float64(4.728040301312809), 'y': np.float64(3.276090552436102), 'z': np.float64(-0.5073824850037223)}",2025-10-10T22:54:22.920735,WIMP-like
5.40174548448905,5.6099,5.6099,1.0,0.543,"{'x': np.float64(-5.8831757992646345), 'y': np.float64(-7.7616076120454425), 'z': np.float64(-4.605007769660208)}",2025-10-10T22:54:22.920735,Background
4.556669981541843,5.3933,2.8452,1.8956,0.4312,"{'x': np.float64(-7.557801719799464), 'y': np.float64(-0.956019434331294), 'z': np.float64(8.677500350558098)}",2025-10-10T22:54:22.920735,Sterile neutrino
4.603681866588351,3.8066,3.1426,1.2113,0.3002,"{'x': np.float64(9.732602459176938), 'y': np.float64(9.302373928720911), 'z': np.float64(-9.901200381311808)}",2025-10-10T22:54:22.920735,WIMP-like
4.717508559662415,5.5122,3.9756,1.3865,0.5453,"{'x': np.float64(0.31192057158500575), 'y': np.float64(-0.22306839486159546), 'z': np.float64(3.337285150922087)}",2025-10-10T22:54:22.920735,Axion-like
7.780203814672027,6.8696,7.3062,0.9402,0.396,"{'x': np.float64(9.398240922145408), 'y': np.float64(-8.121985684211632), 'z': np.float64(3.4520423645025247)}",2025-10-10T22:54:22.920735,Axion-like
7.672002674496007,6.6743,7.2526,0.9203,0.4836,"{'x': np.float64(6.762305792962206), 'y': np.float64(8.892284389480466), 'z': np.float64(3.664960565792917)}",2025-10-10T22:54:22.920735,Axion-like
14.900368816499256,17.1046,13.1956,1.2962,0.4942,"{'x': np.float64(-9.392258806063262), 'y': np.float64(8.618973910139555), 'z': np.float64(3.790535020631223)}",2025-10-10T22:54:22.920735,Background
2.595301653602632,2.7823,2.0848,1.3346,0.5668,"{'x': np.float64(3.024659540829841), 'y': np.float64(-7.868139393840186), 'z': np.float64(3.156906092060721)}",2025-10-10T22:54:22.920735,Axion-like
4.292912696965161,4.9839,4.302,1.1585,0.5329,"{'x': np.float64(1.340325219733355), 'y': np.float64(4.768984185026531), 'z': np.float64(7.570311226026959)}",2025-10-10T22:54:22.920735,Background
1.9606123095842483,2.0596,1.9377,1.0629,0.4066,"{'x': np.float64(5.245702695532316), 'y': np.float64(5.95627297717269), 'z': np.float64(-1.2883337037413405)}",2025-10-10T22:54:22.920735,Axion-like
4.091843404002671,4.2317,2.5066,1.6882,0.5126,"{'x': np.float64(-3.5082834019945945), 'y': np.float64(-2.670769302572042), 'z': np.float64(-2.076546167814892)}",2025-10-10T22:54:22.920735,Sterile neutrino
2.9177013956921733,2.8198,,1.3627,0.6553,"{'x': np.float64(-2.5349641674131984), 'y': np.float64(-5.454607454736971), 'z': np.float64(-8.536081524631127)}",2025-10-10T22:54:22.920735,Background
10.135789149053664,10.6728,8.4721,1.2598,0.601,"{'x': np.float64(-2.404284396415404), 'y': np.float64(7.266672991436504), 'z': np.float64(0.38163570272436154)}",2025-10-10T22:54:22.920735,Axion-like
3.533478238132348,3.3443,2.8215,1.1853,0.498,"{'x': np.float64(-2.0235443820619903), 'y': np.float64(1.6034473845466461), 'z': np.float64(0.6720509345375696)}",2025-10-10T22:54:22.920735,WIMP-like
8.880960740469217,10.0754,8.5877,1.1732,0.5564,"{'x': np.float64(9.110473919098695), 'y': np.float64(-9.635348346472767), 'z': np.float64(-6.0844402863290785)}",2025-10-10T22:54:22.920735,Background
3.9247298926557184,4.6244,2.4889,1.858,0.5392,"{'x': np.float64(8.688720536110285), 'y': np.float64(-2.9675462552073117), 'z': np.float64(-7.97158343101567)}",2025-10-10T22:54:22.921744,WIMP-like
,1.7569,1.4487,1.2127,0.4902,"{'x': np.float64(6.060517956653268), 'y': np.float64(0.7832255335050888), 'z': np.float64(-3.7738460168799275)}",2025-10-10T22:54:22.921744,WIMP-like
,8.6877,7.7102,1.1268,0.5773,"{'x': np.float64(-7.562278133261049), 'y': np.float64(-6.377013009306394), 'z': np.float64(3.622357079299656)}",2025-10-10T22:54:22.921744,WIMP-like
4.773121105601401,5.1192,3.0869,1.6583,0.3666,"{'x': np.float64(1.3462443925780718), 'y': np.float64(-4.868744325972725), 'z': np.float64(9.258537504751597)}",2025-10-10T22:54:22.921744,WIMP-like
,9.1944,5.6037,1.6408,0.4925,"{'x': np.float64(2.663027511880447), 'y': np.float64(9.02806684413314), 'z': np.float64(2.0322364029266247)}",2025-10-10T22:54:22.921744,Axion-like
,4.093,3.2424,1.2623,0.5041,"{'x': np.float64(2.219619777019835), 'y': np.float64(-1.7794306038659062), 'z': np.float64(6.797226057334406)}",2025-10-10T22:54:22.921744,Axion-like
3.888760538783622,3.4943,3.8673,0.9035,0.5751,"{'x': np.float64(-4.503879289037278), 'y': np.float64(6.452286370273569), 'z': np.float64(-1.5252349270247443)}",2025-10-10T22:54:22.921744,Background
3.1612900435441267,3.3589,2.6431,1.2708,0.5279,"{'x': np.float64(1.7321692635094816), 'y': np.float64(-6.639715845102732), 'z': np.float64(4.737474898883642)}",2025-10-10T22:54:22.921744,Background
3.8210287452019522,3.1473,2.2971,1.3702,0.5454,"{'x': np.float64(2.839430008865321), 'y': np.float64(2.1418807217756157), 'z': np.float64(0.9339482542814004)}",2025-10-10T22:54:22.921744,Background
3.3315605676786846,3.5196,2.8772,1.2233,0.363,"{'x': np.float64(9.755710404297744), 'y': np.float64(-7.271204948865337), 'z': np.float64(3.902891080951875)}",2025-10-10T22:54:22.921744,Axion-like
2.2309848844694558,2.3765,2.0687,1.1488,0.3087,"{'x': np.float64(9.825119874043764), 'y': np.float64(-7.432114210917495), 'z': np.float64(-7.917807012316674)}",2025-10-10T22:54:22.921744,Background
6.001247693505438,5.4185,3.8105,1.422,0.6628,"{'x': np.float64(-8.286835008071389), 'y': np.float64(7.883817493282365), 'z': np.float64(-6.162653505625142)}",2025-10-10T22:54:22.921744,WIMP-like
,2.4348,1.6405,1.4841,0.4289,"{'x': np.float64(0.3811958181654074), 'y': np.float64(-8.647748728155701), 'z': np.float64(6.007130156447232)}",2025-10-10T22:54:22.921744,Axion-like
,5.8033,4.6618,1.2448,0.3444,"{'x': np.float64(0.659155731026706), 'y': np.float64(-3.513324937692488), 'z': np.float64(-3.339961738836042)}",2025-10-10T22:54:22.921744,Background
6.379516107979008,6.9292,5.282,1.3119,0.6947,"{'x': np.float64(-8.797153147984297), 'y': np.float64(1.245936317558197), 'z': np.float64(9.152505690107603)}",2025-10-10T22:54:22.921744,WIMP-like
5.981282591826942,5.1653,5.0922,1.0144,0.4079,"{'x': np.float64(-8.066471007065608), 'y': np.float64(-0.9925812748362972), 'z': np.float64(5.123266577904921)}",2025-10-10T22:54:22.921744,Background
8.614317916153317,9.6669,9.1949,1.0513,0.3785,"{'x': np.float64(-5.307158362890929), 'y': np.float64(-2.0136816838138376), 'z': np.float64(-6.951679733391652)}",2025-10-10T22:54:22.921744,Sterile neutrino
8.143047987623381,8.2887,7.4948,1.1059,0.5142,"{'x': np.float64(-8.217511357679667), 'y': np.float64(5.1054084099361585), 'z': np.float64(-7.445730327295303)}",2025-10-10T22:54:22.921744,Background
5.671399498304612,6.2468,3.5635,1.753,0.5582,"{'x': np.float64(-3.937432881093428), 'y': np.float64(-4.737748601783142), 'z': np.float64(-2.7972718505696186)}",2025-10-10T22:54:22.921744,Sterile neutrino
1.8250356014430666,1.7157,1.4738,1.1641,0.5508,"{'x': np.float64(2.0118866672123463), 'y': np.float64(0.31358855392995544), 'z': np.float64(8.387839464288348)}",2025-10-10T22:54:22.921744,Background
4.987542489597071,5.7961,3.5788,1.6195,0.4998,"{'x': np.float64(8.611904292878325), 'y': np.float64(-7.672672042290478), 'z': np.float64(6.348994169823833)}",2025-10-10T22:54:22.921744,Background
7.077384047353104,8.1407,7.1171,1.1438,0.471,"{'x': np.float64(5.800608726141228), 'y': np.float64(-3.9064172180391843), 'z': np.float64(-8.381614338974956)}",2025-10-10T22:54:22.921744,Axion-like
,2.6675,1.9129,1.3945,0.4647,"{'x': np.float64(9.512204017198297), 'y': np.float64(2.8194415469066403), 'z': np.float64(6.449611272687218)}",2025-10-10T22:54:22.924750,Axion-like
4.435258776841496,4.6141,4.3481,1.0612,0.5818,"{'x': np.float64(-6.503227454791749), 'y': np.float64(0.05132152926884892), 'z': np.float64(-2.026739444553738)}",2025-10-10T22:54:22.924750,Sterile neutrino
3.7428722432092085,3.0787,2.281,1.3497,0.4008,"{'x': np.float64(-7.296674216903545), 'y': np.float64(9.262302231783476), 'z': np.float64(0.9905907179003393)}",2025-10-10T22:54:22.924750,Axion-like
4.337614492790043,4.0008,3.6908,1.084,0.5487,"{'x': np.float64(-1.209766227341797), 'y': np.float64(-7.886706314765122), 'z': np.float64(2.816526293804124)}",2025-10-10T22:54:22.924750,WIMP-like
5.935143290665669,6.2239,3.969,1.5681,0.3718,"{'x': np.float64(-8.773007457786637), 'y': np.float64(5.615231721368797), 'z': np.float64(-0.8039915246135969)}",2025-10-10T22:54:22.924750,WIMP-like
4.77988418096306,5.7615,,1.6585,0.4663,"{'x': np.float64(-7.1550126262560765), 'y': np.float64(-7.572301211551422), 'z': np.float64(-3.9344970486480886)}",2025-10-10T22:54:22.924750,Sterile neutrino
5.179550243077074,4.3006,4.4559,0.9651,0.4372,"{'x': np.float64(9.933937077059536), 'y': np.float64(6.2794053901203775), 'z': np.float64(2.3043887646202172)}",2025-10-10T22:54:22.924750,WIMP-like
7.166367027736459,7.2829,5.858,1.2433,0.3515,"{'x': np.float64(-7.38579246519601), 'y': np.float64(7.732084304809334), 'z': np.float64(-1.0043070235735492)}",2025-10-10T22:54:22.924750,WIMP-like
3.5195095905931306,3.3585,3.5258,0.9525,0.3829,"{'x': np.float64(4.672287611228041), 'y': np.float64(5.386097872826795), 'z': np.float64(-9.779374711427057)}",2025-10-10T22:54:22.924750,Background
3.4043199294197533,2.7133,2.452,1.1065,0.2409,"{'x': np.float64(5.2057964624427004), 'y': np.float64(-7.257805885420019), 'z': np.float64(0.706202629051834)}",2025-10-10T22:54:22.924750,Axion-like
2.7488612659659255,2.7786,2.2552,1.2321,0.4969,"{'x': np.float64(6.88714165479232), 'y': np.float64(-8.038348384315109), 'z': np.float64(-0.23517725956443591)}",2025-10-10T22:54:22.924750,WIMP-like
3.6498746833444966,3.9317,3.0091,1.3066,0.4115,"{'x': np.float64(-2.482234297084613), 'y': np.float64(-2.110474428599294), 'z': np.float64(-0.8110646318802672)}",2025-10-10T22:54:22.924750,WIMP-like
,6.109,5.1339,1.1899,0.5207,"{'x': np.float64(-3.6918620850397454), 'y': np.float64(3.762694121730842), 'z': np.float64(-1.2479375188921615)}",2025-10-10T22:54:22.925757,Axion-like
6.373361205577557,5.1287,6.6101,0.7759,0.4512,"{'x': np.float64(-0.7704507075053169), 'y': np.float64(2.744029536165609), 'z': np.float64(3.187078444115654)}",2025-10-10T22:54:22.925757,WIMP-like
5.222461931085613,5.3808,3.2593,1.6509,0.5799,"{'x': np.float64(0.3681604389040807), 'y': np.float64(-6.996619983659167), 'z': np.float64(4.7486753744297125)}",2025-10-10T22:54:22.925757,WIMP-like
12.301081099862287,10.0159,7.8785,1.2713,0.5137,"{'x': np.float64(4.326467761253646), 'y': np.float64(-8.558313280026532), 'z': np.float64(-8.574865444694828)}",2025-10-10T22:54:22.925757,Axion-like
3.089489945438553,2.7562,2.3249,1.1855,0.6299,"{'x': np.float64(5.4930706236236375), 'y': np.float64(3.2274122214082883), 'z': np.float64(-6.296088642650641)}",2025-10-10T22:54:22.925757,Background
8.025168839616112,7.346,4.9497,1.4841,0.5719,"{'x': np.float64(-8.356566650471454), 'y': np.float64(9.357200696900609), 'z': np.float64(-4.091104450451595)}",2025-10-10T22:54:22.925757,WIMP-like
6.045077593186868,5.7845,4.2671,1.3556,0.6311,"{'x': np.float64(-7.572271636811871), 'y': np.float64(2.300259360777332), 'z': np.float64(5.492675612755759)}",2025-10-10T22:54:22.925757,Axion-like
5.592334826965903,4.5977,6.1033,0.7533,0.7165,"{'x': np.float64(5.974283833091491), 'y': np.float64(-4.143559265980706), 'z': np.float64(9.599406587177015)}",2025-10-10T22:54:22.925757,WIMP-like
9.315573966187868,10.2003,9.3341,1.0928,0.6799,"{'x': np.float64(3.1295721466300535), 'y': np.float64(-7.4380850726759995), 'z': np.float64(-3.234649880110032)}",2025-10-10T22:54:22.925757,WIMP-like
2.605592963019893,2.5936,2.4094,1.0764,0.3034,"{'x': np.float64(8.86151675489415), 'y': np.float64(-5.1861457633499), 'z': np.float64(-7.569972473981639)}",2025-10-10T22:54:22.925757,Background
5.016874757466875,5.2694,3.6992,1.4245,0.4835,"{'x': np.float64(6.3189387793723455), 'y': np.float64(7.227399927268721), 'z': np.float64(6.9302867738055625)}",2025-10-10T22:54:22.925757,Sterile neutrino
4.190926807199835,4.543,3.4227,1.3273,0.5283,"{'x': np.float64(6.839971057801229), 'y': np.float64(4.569813543232264), 'z': np.float64(5.528948929994492)}",2025-10-10T22:54:22.925757,Sterile neutrino
2.7008601450042002,2.7141,2.9122,0.932,0.5503,"{'x': np.float64(8.747761329942378), 'y': np.float64(-9.136525284059767), 'z': np.float64(-6.7037036854112575)}",2025-10-10T22:54:22.925757,Axion-like
5.4872875511830745,6.1688,3.8681,1.5948,0.4349,"{'x': np.float64(0.11705385903658083), 'y': np.float64(6.814060560224), 'z': np.float64(4.656030895325012)}",2025-10-10T22:54:22.925757,Sterile neutrino
14.107506332954962,14.2043,10.6004,1.34,0.6075,"{'x': np.float64(1.3004398571803222), 'y': np.float64(3.7777060410018137), 'z': np.float64(7.466458317216155)}",2025-10-10T22:54:22.925757,Axion-like
8.498657451693733,7.3797,7.0957,1.04,0.5673,"{'x': np.float64(-9.813367603458135), 'y': np.float64(-5.06642270956754), 'z': np.float64(4.529234302260097)}",2025-10-10T22:54:22.925757,Sterile neutrino
8.595880945264833,7.5232,7.4884,1.0046,0.4577,"{'x': np.float64(4.661425920593496), 'y': np.float64(2.319709005203581), 'z': np.float64(-6.239505307691678)}",2025-10-10T22:54:22.925757,Background
8.191367450195267,8.3293,4.9128,1.6954,0.439,"{'x': np.float64(5.219815200561877), 'y': np.float64(-9.293772901195219), 'z': np.float64(4.914675654624643)}",2025-10-10T22:54:22.925757,Axion-like
2.168749024031123,1.8659,,1.1418,0.3894,"{'x': np.float64(7.533015236564012), 'y': np.float64(9.926686752544946), 'z': np.float64(-2.6338093898630337)}",2025-10-10T22:54:22.925757,Sterile neutrino
10.607004522711707,12.2697,,1.2877,0.46,"{'x': np.float64(-2.1694860364434128), 'y': np.float64(-1.7475631830275251), 'z': np.float64(3.912362929936137)}",2025-10-10T22:54:22.926768,Background
7.92940960634443,6.7233,7.1803,0.9364,0.4427,"{'x': np.float64(-0.38054220227752467), 'y': np.float64(2.846510518104548), 'z': np.float64(-8.702928110340633)}",2025-10-10T22:54:22.926768,Sterile neutrino
,9.9247,8.7376,1.1359,0.7006,"{'x': np.float64(3.5293587445272436), 'y': np.float64(6.099779993615396), 'z': np.float64(-4.603585597435713)}",2025-10-10T22:54:22.926768,WIMP-like
4.561470954356986,3.7104,2.8103,1.3203,0.6312,"{'x': np.float64(-3.3152336260787845), 'y': np.float64(5.697939542229351), 'z': np.float64(4.153618694818315)}",2025-10-10T22:54:22.926768,WIMP-like
4.620177221449876,4.5722,3.1559,1.4488,0.6478,"{'x': np.float64(-3.4361449278137695), 'y': np.float64(-1.3196126765224943), 'z': np.float64(-8.227991406407655)}",2025-10-10T22:54:22.926768,Background
5.706973991061054,6.2346,6.2626,0.9955,0.3635,"{'x': np.float64(8.662266626871155), 'y': np.float64(2.85130399070383), 'z': np.float64(-1.5750389341185596)}",2025-10-10T22:54:22.926768,WIMP-like
8.30287219865976,6.9926,6.6429,1.0527,0.5582,"{'x': np.float64(6.7960457127123455), 'y': np.float64(-2.3233409613391203), 'z': np.float64(1.4374454245437303)}",2025-10-10T22:54:22.926768,WIMP-like
2.332153866599885,2.2629,1.8375,1.2315,0.5349,"{'x': np.float64(-9.476065829358705), 'y': np.float64(-9.516164722172896), 'z': np.float64(6.633940873515471)}",2025-10-10T22:54:22.926768,Axion-like
4.818035523739054,4.4216,5.147,0.8591,0.3232,"{'x': np.float64(-4.814064822684525), 'y': np.float64(-1.4068637452212975), 'z': np.float64(7.454605009692038)}",2025-10-10T22:54:22.926768,Sterile neutrino
,4.1781,3.09,1.3521,0.5402,"{'x': np.float64(-0.3406225582928961), 'y': np.float64(-7.330400551681125), 'z': np.float64(-8.387969724857507)}",2025-10-10T22:54:22.926768,Axion-like
,4.3088,4.2647,1.0104,0.6772,"{'x': np.float64(5.310257979822195), 'y': np.float64(-6.821836646612929), 'z': np.float64(2.204502989552825)}",2025-10-10T22:54:22.926768,Sterile neutrino
5.604520152783339,5.804,,0.9856,0.4427,"{'x': np.float64(-8.620839672871575), 'y': np.float64(-8.858905576974914), 'z': np.float64(-4.3562585061359975)}",2025-10-10T22:54:22.926768,WIMP-like
2.8058700370560903,3.3588,2.0941,1.604,0.4173,"{'x': np.float64(-4.56100547742738), 'y': np.float64(5.187965248359275), 'z': np.float64(-1.0052031509891997)}",2025-10-10T22:54:22.926768,Axion-like
,2.8424,3.6285,0.7834,0.4986,"{'x': np.float64(-7.215092577648097), 'y': np.float64(0.6484136455043412), 'z': np.float64(-1.7780879479858687)}",2025-10-10T22:54:22.926768,Sterile neutrino
6.469459913130177,5.239,6.0369,0.8678,0.4719,"{'x': np.float64(9.267888684271007), 'y': np.float64(1.2033636692368397), 'z': np.float64(8.736449240661837)}",2025-10-10T22:54:22.926768,Sterile neutrino
4.281396007741834,3.8358,4.0961,0.9365,0.4396,"{'x': np.float64(9.625941809944933), 'y': np.float64(-4.869398751115044), 'z': np.float64(3.083492029481489)}",2025-10-10T22:54:22.927759,Axion-like
5.212265357584962,5.1154,5.6366,0.9075,0.3643,"{'x': np.float64(2.170545453929332), 'y': np.float64(-3.0098725582636243), 'z': np.float64(-7.718084302241333)}",2025-10-10T22:54:22.927759,Background
3.5838421901445,3.2599,3.7122,0.8782,0.4458,"{'x': np.float64(1.2244557656504984), 'y': np.float64(0.46781822748732793), 'z': np.float64(-7.704622562615651)}",2025-10-10T22:54:22.927759,Sterile neutrino
5.5648498196229665,4.593,5.2975,0.867,0.5693,"{'x': np.float64(0.8707643468529209), 'y': np.float64(-8.365493085064434), 'z': np.float64(-0.8339871694268712)}",2025-10-10T22:54:22.927759,WIMP-like
2.2865049274300855,2.8035,2.4388,1.1496,0.4942,"{'x': np.float64(3.380446746582166), 'y': np.float64(-0.7540887799878568), 'z': np.float64(-1.764689168309829)}",2025-10-10T22:54:22.927759,Sterile neutrino
6.13806237502857,5.0384,5.2299,0.9634,0.7057,"{'x': np.float64(6.12807234465679), 'y': np.float64(-0.8152024480608393), 'z': np.float64(-8.960868448914631)}",2025-10-10T22:54:22.927759,WIMP-like
3.2881079232995263,2.9571,2.2335,1.324,0.5602,"{'x': np.float64(-3.3956987025700496), 'y': np.float64(5.1350301137727), 'z': np.float64(0.38771719007874594)}",2025-10-10T22:54:22.927759,Axion-like
5.299333008432155,6.0672,,1.1126,0.4748,"{'x': np.float64(-5.224075772369215), 'y': np.float64(-0.9752131163802389), 'z': np.float64(9.699793122817503)}",2025-10-10T22:54:22.927759,Sterile neutrino
4.399905916254358,5.0585,3.779,1.3386,0.4264,"{'x': np.float64(-0.04374983931419507), 'y': np.float64(-7.890526000867388), 'z': np.float64(3.135602094485881)}",2025-10-10T22:54:22.927759,WIMP-like
3.6396809920104856,4.0205,3.9191,1.0259,0.6148,"{'x': np.float64(-5.924670817446218), 'y': np.float64(0.4665926238948259), 'z': np.float64(-4.257240838308489)}",2025-10-10T22:54:22.927759,WIMP-like
5.3799044709899135,5.6617,5.3669,1.0549,0.6368,"{'x': np.float64(-2.0805905467509023), 'y': np.float64(8.301801368140865), 'z': np.float64(0.6605773449227996)}",2025-10-10T22:54:22.927759,Axion-like
5.666746583166935,6.3807,4.331,1.4733,0.4154,"{'x': np.float64(7.143585139975059), 'y': np.float64(8.122865095315326), 'z': np.float64(-4.461910252443822)}",2025-10-10T22:54:22.927759,Sterile neutrino
3.3744889618175473,3.9475,3.1617,1.2486,0.4484,"{'x': np.float64(-6.957914335554543), 'y': np.float64(-1.1935316326330199), 'z': np.float64(2.30596050139604)}",2025-10-10T22:54:22.927759,Sterile neutrino
4.595636731008867,5.3839,3.6693,1.4673,0.6412,"{'x': np.float64(9.682206380729955), 'y': np.float64(3.3583999760725405), 'z': np.float64(2.6934254650788283)}",2025-10-10T22:54:22.928756,Axion-like
2.5450167702852986,1.991,2.1761,0.9149,0.4745,"{'x': np.float64(0.547992442453527), 'y': np.float64(4.387072447383172), 'z': np.float64(7.805161060356042)}",2025-10-10T22:54:22.928756,Sterile neutrino
4.927194478184397,4.3216,5.0828,0.8502,0.4647,"{'x': np.float64(6.381270277233121), 'y': np.float64(0.8158750997108868), 'z': np.float64(4.20485597246623)}",2025-10-10T22:54:22.928756,Axion-like
3.852700137362664,4.3457,3.1944,1.3604,0.3045,"{'x': np.float64(-2.844034693491164), 'y': np.float64(-0.11575105499400173), 'z': np.float64(6.564985048744369)}",2025-10-10T22:54:22.928756,Sterile neutrino
2.6739692812503115,2.9498,2.7546,1.0709,0.4495,"{'x': np.float64(-7.987250429529333), 'y': np.float64(-5.2025177448811055), 'z': np.float64(-7.160560204780122)}",2025-10-10T22:54:22.928756,Background
3.2762378422633724,3.5379,2.9781,1.1879,0.297,"{'x': np.float64(2.418571349568623), 'y': np.float64(-2.952501067806912), 'z': np.float64(6.8289510616952)}",2025-10-10T22:54:22.928756,Sterile neutrino
5.517470841184589,5.7784,3.6367,1.5889,0.4976,"{'x': np.float64(3.523551241508681), 'y': np.float64(-3.49791969136602), 'z': np.float64(3.726543933721949)}",2025-10-10T22:54:22.928756,WIMP-like
3.7625608718231875,4.1597,2.7111,1.5343,0.5524,"{'x': np.float64(2.8576382011741526), 'y': np.float64(3.883011470196621), 'z': np.float64(0.25309506290105865)}",2025-10-10T22:54:22.928756,WIMP-like
2.6738838461410133,2.2103,2.0437,1.0815,0.4322,"{'x': np.float64(3.0632558106256607), 'y': np.float64(8.766096368969652), 'z': np.float64(7.424089645261041)}",2025-10-10T22:54:22.928756,Background
6.416399605049089,6.86,4.6987,1.46,0.5667,"{'x': np.float64(8.143900614116596), 'y': np.float64(3.4146462381166813), 'z': np.float64(1.2088126196087998)}",2025-10-10T22:54:22.928756,Sterile neutrino
4.205672296126278,4.1276,4.3295,0.9534,0.4025,"{'x': np.float64(0.9329644037557685), 'y': np.float64(-2.391989020591807), 'z': np.float64(9.536006570213186)}",2025-10-10T22:54:22.928756,WIMP-like
,3.333,3.9579,0.8421,0.4057,"{'x': np.float64(8.361531043983014), 'y': np.float64(-4.399253408990211), 'z': np.float64(7.166833535982416)}",2025-10-10T22:54:22.928756,WIMP-like
5.7816166181226185,6.3809,5.8066,1.0989,0.474,"{'x': np.float64(-9.639868887990911), 'y': np.float64(9.25620714148052), 'z': np.float64(4.533419841406465)}",2025-10-10T22:54:22.928756,Sterile neutrino
6.945351945477315,6.3782,7.2432,0.8806,0.4473,"{'x': np.float64(-7.74839219176126), 'y': np.float64(4.073719549215916), 'z': np.float64(0.8139695328982057)}",2025-10-10T22:54:22.928756,Axion-like
4.051970376446179,3.2262,3.3441,0.9647,0.4651,"{'x': np.float64(-3.9746947847999925), 'y': np.float64(1.9671496859551763), 'z': np.float64(-4.055243845827656)}",2025-10-10T22:54:22.928756,Sterile neutrino
7.61255676812728,6.2071,7.9663,0.7792,0.4136,"{'x': np.float64(7.045277487823629), 'y': np.float64(3.35609366452813), 'z': np.float64(1.8644314021476855)}",2025-10-10T22:54:22.929753,Axion-like
4.207786294971814,4.7549,2.6259,1.8107,0.4831,"{'x': np.float64(1.6561367016697925), 'y': np.float64(9.908750323826197), 'z': np.float64(7.113921876750787)}",2025-10-10T22:54:22.929753,Background
3.173072140055275,3.5169,2.7932,1.2591,0.5036,"{'x': np.float64(-7.701340058808663), 'y': np.float64(-8.122854303532876), 'z': np.float64(8.192536388731849)}",2025-10-10T22:54:22.929753,Background
7.3565099354598305,8.4043,6.4652,1.2999,0.5501,"{'x': np.float64(0.3489270351008251), 'y': np.float64(-1.3914517935801953), 'z': np.float64(-3.6610682441776143)}",2025-10-10T22:54:22.929753,WIMP-like
9.372214824862391,9.7473,9.7987,0.9948,0.4648,"{'x': np.float64(-1.1323997124162446), 'y': np.float64(2.1417915743750804), 'z': np.float64(2.6261510618397743)}",2025-10-10T22:54:22.929753,WIMP-like
10.1794798931188,9.1068,8.7121,1.0453,0.5742,"{'x': np.float64(-7.915503943833047), 'y': np.float64(-2.3097734471037494), 'z': np.float64(-0.24665862757471224)}",2025-10-10T22:54:22.929753,WIMP-like
5.568402888555796,5.7637,5.3844,1.0705,0.5143,"{'x': np.float64(0.12532118990405472), 'y': np.float64(2.682080627526627), 'z': np.float64(-8.581355677324531)}",2025-10-10T22:54:22.929753,Axion-like
3.0487148464871874,3.0578,,1.5879,0.368,"{'x': np.float64(-7.199518048933646), 'y': np.float64(-4.463713844173885), 'z': np.float64(9.430653818021014)}",2025-10-10T22:54:22.929753,WIMP-like
4.016001573958204,3.5265,3.6347,0.9702,0.2932,"{'x': np.float64(-4.386335689680514), 'y': np.float64(-5.8601484312314644), 'z': np.float64(0.3314525689195804)}",2025-10-10T22:54:22.929753,Sterile neutrino
,4.3044,3.4021,1.2652,0.4248,"{'x': np.float64(0.25335451912832774), 'y': np.float64(-4.130223535837567), 'z': np.float64(8.635074388656328)}",2025-10-10T22:54:22.929753,Axion-like
3.079422782275147,3.1778,,1.5935,0.4806,"{'x': np.float64(-3.0955371439661583), 'y': np.float64(0.1482387743561766), 'z': np.float64(7.484450493703516)}",2025-10-10T22:54:22.929753,Background
11.517125338877907,13.881,7.7195,1.7982,0.4939,"{'x': np.float64(-4.50536948960961), 'y': np.float64(-2.108478488047072), 'z': np.float64(-1.5634364292233727)}",2025-10-10T22:54:22.929753,Axion-like
6.86667099142145,7.373,6.1392,1.201,0.4819,"{'x': np.float64(-3.8125456427443583), 'y': np.float64(6.475807684425895), 'z': np.float64(9.101210229699777)}",2025-10-10T22:54:22.929753,WIMP-like
3.5034939953016777,3.1787,,1.4339,0.5147,"{'x': np.float64(2.0759090589877545), 'y': np.float64(3.731798269852135), 'z': np.float64(-7.710247238681898)}",2025-10-10T22:54:22.929753,Sterile neutrino
2.945416650903441,2.8012,1.9525,1.4347,0.2791,"{'x': np.float64(-1.621044196250491), 'y': np.float64(5.023560956168362), 'z': np.float64(-8.579846709334891)}",2025-10-10T22:54:22.931261,Sterile neutrino
3.9737133046957744,4.7128,3.7419,1.2595,0.435,"{'x': np.float64(3.5733991334512964), 'y': np.float64(-2.7616001832427006), 'z': np.float64(1.873215824170769)}",2025-10-10T22:54:22.931261,WIMP-like
4.955298056303896,5.7126,4.7808,1.1949,0.5759,"{'x': np.float64(-7.5888316719261955), 'y': np.float64(8.049066145716836), 'z': np.float64(-8.671123112884501)}",2025-10-10T22:54:22.931261,Sterile neutrino
2.600726567257402,2.0357,2.0517,0.9922,0.5109,"{'x': np.float64(-4.099185846916875), 'y': np.float64(-0.27999012404793966), 'z': np.float64(1.5439977346910165)}",2025-10-10T22:54:22.931261,Axion-like
1.5581095671732461,1.8368,1.5583,1.1787,0.5733,"{'x': np.float64(6.912087259798135), 'y': np.float64(3.8498565333845054), 'z': np.float64(-1.4013784521970365)}",2025-10-10T22:54:22.931261,Axion-like
2.5312482693044096,2.2763,2.4539,0.9276,0.5919,"{'x': np.float64(-1.071609671968357), 'y': np.float64(5.96760681036705), 'z': np.float64(6.448447473365569)}",2025-10-10T22:54:22.931261,WIMP-like
,1.8639,1.4177,1.3148,0.4307,"{'x': np.float64(2.0214833360046587), 'y': np.float64(4.111717252876492), 'z': np.float64(3.768100369842738)}",2025-10-10T22:54:22.931261,Sterile neutrino
2.537048917607139,2.5252,1.7436,1.4483,0.4589,"{'x': np.float64(7.801940703676166), 'y': np.float64(-3.0824507852428518), 'z': np.float64(-6.910805055533524)}",2025-10-10T22:54:22.931261,Background
4.540434380347538,4.8458,3.5389,1.3693,0.4839,"{'x': np.float64(-8.56576222304698), 'y': np.float64(-1.8074221020953587), 'z': np.float64(-3.775650098732129)}",2025-10-10T22:54:22.931261,Axion-like
7.34411965136041,6.8671,5.1472,1.3341,0.6616,"{'x': np.float64(9.760719323111836), 'y': np.float64(-0.9199675760777026), 'z': np.float64(3.7654847156047406)}",2025-10-10T22:54:22.931261,Axion-like
4.332624656002864,3.5521,3.7348,0.9511,0.3853,"{'x': np.float64(9.280348142354047), 'y': np.float64(-2.3158657402839955), 'z': np.float64(-9.220079748501767)}",2025-10-10T22:54:22.931261,Axion-like
,3.7049,2.6229,1.4125,0.463,"{'x': np.float64(5.124272279003536), 'y': np.float64(-0.8295398223621859), 'z': np.float64(-4.2151045605469095)}",2025-10-10T22:54:22.931261,Axion-like
4.333965727118237,4.9416,3.8557,1.2816,0.5229,"{'x': np.float64(6.53414719482975), 'y': np.float64(9.680263264209287), 'z': np.float64(-4.2318912436250855)}",2025-10-10T22:54:22.931261,Background
4.264527643814296,4.0531,3.2715,1.2389,0.5448,"{'x': np.float64(0.8281521469517035), 'y': np.float64(-6.917099136430258), 'z': np.float64(1.0742297071602245)}",2025-10-10T22:54:22.931261,WIMP-like
9.79260372117318,11.1527,8.0706,1.3819,0.525,"{'x': np.float64(-3.9533350129701255), 'y': np.float64(-4.813302053658111), 'z': np.float64(-6.107523265902561)}",2025-10-10T22:54:22.932274,Axion-like
4.131131248770231,3.7416,4.4632,0.8383,0.4528,"{'x': np.float64(1.154176525000878), 'y': np.float64(-3.054459219389849), 'z': np.float64(1.6093520198739206)}",2025-10-10T22:54:22.932274,Sterile neutrino
,4.3203,3.4729,1.244,0.3892,"{'x': np.float64(-1.9644239869135145), 'y': np.float64(9.876967777993965), 'z': np.float64(7.60629524297854)}",2025-10-10T22:54:22.932274,Background
7.826641069921131,8.1467,5.4452,1.4961,0.6958,"{'x': np.float64(-2.097245134713628), 'y': np.float64(-9.210809342182014), 'z': np.float64(-0.4890792502634671)}",2025-10-10T22:54:22.932274,Axion-like
2.144268548243657,2.4794,2.2056,1.1241,0.5241,"{'x': np.float64(4.442864709118117), 'y': np.float64(0.6677325753072516), 'z': np.float64(7.3993831929536995)}",2025-10-10T22:54:22.932274,Sterile neutrino
5.254600309941097,4.4434,,0.8524,0.4608,"{'x': np.float64(-4.484648634972861), 'y': np.float64(7.541811620363777), 'z': np.float64(8.880841876507958)}",2025-10-10T22:54:22.932274,Axion-like
4.229083053062351,5.0211,3.5444,1.4166,0.3827,"{'x': np.float64(7.270950450290904), 'y': np.float64(1.7746304426263961), 'z': np.float64(-2.4934018416079624)}",2025-10-10T22:54:22.932274,WIMP-like
2.9375594062433685,3.1479,2.2604,1.3926,0.4346,"{'x': np.float64(0.22550924401502215), 'y': np.float64(-0.15349039997636105), 'z': np.float64(1.5455805846626252)}",2025-10-10T22:54:22.932274,Background
8.141484316369413,9.003,7.2196,1.247,0.4663,"{'x': np.float64(9.120942872238661), 'y': np.float64(-5.990509689431944), 'z': np.float64(-7.814715793807572)}",2025-10-10T22:54:22.932274,WIMP-like
4.00640629372896,4.6298,4.2548,1.0881,0.6134,"{'x': np.float64(-8.750848127618571), 'y': np.float64(7.669295259721213), 'z': np.float64(-1.0336188926115568)}",2025-10-10T22:54:22.932274,Background
14.413773695641614,16.8458,8.7723,1.9203,0.5192,"{'x': np.float64(-0.46313063364365803), 'y': np.float64(3.754440848611214), 'z': np.float64(4.454139153964569)}",2025-10-10T22:54:22.932274,Axion-like
,2.8008,2.3733,1.1801,0.5407,"{'x': np.float64(6.088744153590099), 'y': np.float64(-4.4248025517089395), 'z': np.float64(-5.785900722655937)}",2025-10-10T22:54:22.932274,Axion-like
3.3779620253407074,2.7626,3.3222,0.8316,0.5857,"{'x': np.float64(6.682891940013516), 'y': np.float64(4.809522639070384), 'z': np.float64(-7.142994253983228)}",2025-10-10T22:54:22.932274,Background
,7.1113,6.574,1.0817,0.5754,"{'x': np.float64(6.918428793554643), 'y': np.float64(2.2720822847491675), 'z': np.float64(-8.227905720606419)}",2025-10-10T22:54:22.932274,Sterile neutrino
2.994722301905073,2.8639,2.3897,1.1984,0.4976,"{'x': np.float64(-8.679803117195169), 'y': np.float64(-3.023589320610414), 'z': np.float64(-7.780038024173703)}",2025-10-10T22:54:22.932274,Sterile neutrino
1.736104757549713,1.4445,1.4785,0.977,0.5213,"{'x': np.float64(5.890310889814973), 'y': np.float64(4.141729545333963), 'z': np.float64(-8.995479770720525)}",2025-10-10T22:54:22.932274,Axion-like
4.085184820981134,3.7958,2.961,1.2819,0.429,"{'x': np.float64(-4.379910021825728), 'y': np.float64(6.069654865937693), 'z': np.float64(8.58456107263708)}",2025-10-10T22:54:22.932274,Axion-like
6.8412928928115235,6.3007,5.6874,1.1078,0.4806,"{'x': np.float64(-5.479420043680006), 'y': np.float64(2.8095208435168786), 'z': np.float64(9.57962230349618)}",2025-10-10T22:54:22.932274,WIMP-like
2.077202036100863,2.0771,1.2972,1.6012,0.6203,"{'x': np.float64(7.773181605307972), 'y': np.float64(0.06167901559672728), 'z': np.float64(-1.0130051592071592)}",2025-10-10T22:54:22.932274,Axion-like
11.035806572951195,9.1374,10.3789,0.8804,0.6239,"{'x': np.float64(-5.161366393689408), 'y': np.float64(4.279052650131796), 'z': np.float64(6.450695887683935)}",2025-10-10T22:54:22.932274,Background
,5.0852,3.387,1.5014,0.637,"{'x': np.float64(5.506923008062712), 'y': np.float64(-4.571812391065713), 'z': np.float64(-0.06609154364106828)}",2025-10-10T22:54:22.932274,Sterile neutrino
3.089151973747326,3.3307,1.986,1.6771,0.4591,"{'x': np.float64(4.972904682524), 'y': np.float64(-3.6482640947776668), 'z': np.float64(-9.997306139910293)}",2025-10-10T22:54:22.932274,Sterile neutrino
3.289798799061059,2.9835,3.1245,0.9549,0.5015,"{'x': np.float64(-8.746207567562683), 'y': np.float64(6.786769847120048), 'z': np.float64(-9.923601546828337)}",2025-10-10T22:54:22.932274,WIMP-like
6.825493867165813,6.2728,4.4071,1.4233,0.4133,"{'x': np.float64(-2.795321623991443), 'y': np.float64(-4.592134272309489), 'z': np.float64(6.854238043211097)}",2025-10-10T22:54:22.932274,Sterile neutrino
7.514858387324769,8.6653,6.1195,1.416,0.4336,"{'x': np.float64(8.19886287708784), 'y': np.float64(-2.453638920736143), 'z': np.float64(9.281568329802163)}",2025-10-10T22:54:22.932274,Sterile neutrino
5.117479807954058,5.1049,4.0625,1.2566,0.4417,"{'x': np.float64(2.6542375749720186), 'y': np.float64(4.077141832686625), 'z': np.float64(-9.91273460699382)}",2025-10-10T22:54:22.932274,Background
5.789536417410535,6.2062,6.3021,0.9848,0.4184,"{'x': np.float64(5.22075580501566), 'y': np.float64(9.01545415462676), 'z': np.float64(4.050810030696139)}",2025-10-10T22:54:22.932274,Sterile neutrino
,3.6619,3.0345,1.2068,0.4684,"{'x': np.float64(-9.036279752134075), 'y': np.float64(-2.798990681980433), 'z': np.float64(9.135996309685723)}",2025-10-10T22:54:22.932274,WIMP-like
1.129037566316244,1.0689,0.766,1.3955,0.5017,"{'x': np.float64(-2.6258565827040954), 'y': np.float64(-2.603734880256468), 'z': np.float64(-8.952899596250552)}",2025-10-10T22:54:22.932274,WIMP-like
3.6185885810692793,4.0333,3.6628,1.1012,0.6452,"{'x': np.float64(-5.760118906026839), 'y': np.float64(3.1470696434025704), 'z': np.float64(-0.5543639167403658)}",2025-10-10T22:54:22.932274,Sterile neutrino
3.8325135106654633,4.1879,3.534,1.185,0.5365,"{'x': np.float64(-4.093970448563344), 'y': np.float64(-7.267981926976548), 'z': np.float64(3.0327952095455313)}",2025-10-10T22:54:22.933269,Axion-like
,3.0694,,1.3265,0.6125,"{'x': np.float64(4.264137665652354), 'y': np.float64(-6.015694502118938), 'z': np.float64(7.804300052723487)}",2025-10-10T22:54:22.933269,Sterile neutrino
2.9173035610447,2.378,1.8942,1.2554,0.3587,"{'x': np.float64(0.3172380542465625), 'y': np.float64(-4.64814646544057), 'z': np.float64(6.709604514843889)}",2025-10-10T22:54:22.933269,WIMP-like
4.06757973225729,3.9862,,1.2431,0.4006,"{'x': np.float64(0.6187535682418766), 'y': np.float64(1.9026334981136301), 'z': np.float64(-9.801523577443287)}",2025-10-10T22:54:22.933269,WIMP-like
5.798093612575744,5.9098,5.506,1.0733,0.4958,"{'x': np.float64(-3.7627228416623364), 'y': np.float64(5.479827563055251), 'z': np.float64(5.458429637522302)}",2025-10-10T22:54:22.933269,Background
5.512008792229229,4.7445,,1.3973,0.502,"{'x': np.float64(5.403164235141919), 'y': np.float64(6.143110747297651), 'z': np.float64(-7.595855417588475)}",2025-10-10T22:54:22.933269,Sterile neutrino
7.311251534511635,7.3712,5.665,1.3012,0.4258,"{'x': np.float64(-2.5652141018733943), 'y': np.float64(-9.972927485690636), 'z': np.float64(-4.0039894486952825)}",2025-10-10T22:54:22.933269,Sterile neutrino
4.89163922134476,5.5421,2.9773,1.8614,0.5051,"{'x': np.float64(7.9712120934967885), 'y': np.float64(5.663968265972519), 'z': np.float64(5.607522471419609)}",2025-10-10T22:54:22.933269,Background
1.5278180411463482,1.3246,0.91,1.4556,0.4064,"{'x': np.float64(-5.435292730126018), 'y': np.float64(-5.067927300439507), 'z': np.float64(-0.31845860579596774)}",2025-10-10T22:54:22.933269,WIMP-like
4.1398039456907565,3.3785,4.4283,0.7629,0.6661,"{'x': np.float64(8.854486381882246), 'y': np.float64(5.703790862968168), 'z': np.float64(9.82655803128441)}",2025-10-10T22:54:22.933269,Background
5.8501659361593985,4.8671,4.5893,1.0606,0.5052,"{'x': np.float64(-5.492374639864684), 'y': np.float64(-6.083338317314599), 'z': np.float64(-7.183941022146478)}",2025-10-10T22:54:22.933269,Axion-like
8.455081539616705,8.7728,5.7289,1.5313,0.5558,"{'x': np.float64(6.222475398669417), 'y': np.float64(2.719094143274569), 'z': np.float64(-2.23668587746009)}",2025-10-10T22:54:22.933269,Sterile neutrino
2.5583000286359576,2.3421,2.6434,0.886,0.5849,"{'x': np.float64(-4.189909886571592), 'y': np.float64(-0.6002346368412681), 'z': np.float64(7.802822747920292)}",2025-10-10T22:54:22.933269,WIMP-like
3.7710647287124646,3.2805,2.3066,1.4222,0.5152,"{'x': np.float64(2.6184358045832674), 'y': np.float64(-1.046531491791633), 'z': np.float64(-7.314502981954489)}",2025-10-10T22:54:22.933269,Background
4.6487234277386165,4.0958,3.8836,1.0546,0.5585,"{'x': np.float64(3.592406654702156), 'y': np.float64(-8.47521564052871), 'z': np.float64(-4.50592369904216)}",2025-10-10T22:54:22.933269,WIMP-like
4.080980767519675,4.1714,3.3433,1.2477,0.6373,"{'x': np.float64(-9.122001147139898), 'y': np.float64(-6.685004403596881), 'z': np.float64(-1.089167225162182)}",2025-10-10T22:54:22.934270,Axion-like
5.686029103630892,5.0279,6.0568,0.8301,0.5371,"{'x': np.float64(-6.061485910931433), 'y': np.float64(9.028596207236646), 'z': np.float64(9.89638587931902)}",2025-10-10T22:54:22.934270,Sterile neutrino
2.049546564502964,1.9648,1.8076,1.087,0.5462,"{'x': np.float64(-8.5383687594597), 'y': np.float64(2.4468652923449223), 'z': np.float64(9.623556735245892)}",2025-10-10T22:54:22.934270,Background
5.889650225527877,6.8585,,1.0852,0.4419,"{'x': np.float64(9.202712088108946), 'y': np.float64(0.4291927744294384), 'z': np.float64(9.546158159830075)}",2025-10-10T22:54:22.934270,WIMP-like
3.2260301814086936,3.2219,,1.0329,0.5488,"{'x': np.float64(-5.053193683618334), 'y': np.float64(2.812303670977748), 'z': np.float64(3.332009580932384)}",2025-10-10T22:54:22.934270,Sterile neutrino
5.016254606132696,5.5802,,1.3051,0.3797,"{'x': np.float64(-9.75793766447785), 'y': np.float64(-9.819230618414156), 'z': np.float64(-2.859413120599756)}",2025-10-10T22:54:22.934270,Sterile neutrino
2.419815834618762,2.2273,2.456,0.9069,0.5605,"{'x': np.float64(4.577228845398938), 'y': np.float64(-8.092014453735787), 'z': np.float64(-1.4259595802713285)}",2025-10-10T22:54:22.934270,WIMP-like
4.441557824810887,4.726,2.9255,1.6154,0.4513,"{'x': np.float64(-4.222301221816687), 'y': np.float64(-2.043267489956861), 'z': np.float64(8.390620493120995)}",2025-10-10T22:54:22.934270,Sterile neutrino
3.2095094295965647,3.0998,3.1651,0.9794,0.6321,"{'x': np.float64(8.368528642908174), 'y': np.float64(9.018571890050968), 'z': np.float64(1.5424517207664152)}",2025-10-10T22:54:22.934270,Sterile neutrino
8.125118429484118,7.3233,7.174,1.0208,0.4408,"{'x': np.float64(-2.8284307695025372), 'y': np.float64(3.1326214741575225), 'z': np.float64(-5.192021742129862)}",2025-10-10T22:54:22.934270,Background
4.517728851485957,4.0098,2.7961,1.434,0.4046,"{'x': np.float64(-9.279623634171472), 'y': np.float64(-6.495564557883453), 'z': np.float64(7.335407090120004)}",2025-10-10T22:54:22.934270,Sterile neutrino
1.9683632952792596,2.1413,1.7809,1.2023,0.6983,"{'x': np.float64(5.175525075146503), 'y': np.float64(-4.350078680542955), 'z': np.float64(-2.938992167993952)}",2025-10-10T22:54:22.934270,Background
4.100208405739435,4.5346,3.4175,1.3269,0.5922,"{'x': np.float64(-0.049202957077955745), 'y': np.float64(-5.906397818854321), 'z': np.float64(1.82260606517033)}",2025-10-10T22:54:22.934270,Sterile neutrino
3.3539139387641597,3.8862,2.3941,1.6232,0.3974,"{'x': np.float64(-8.576834296531343), 'y': np.float64(-8.619848147743674), 'z': np.float64(8.815690410062157)}",2025-10-10T22:54:22.934270,Axion-like
1.1611333798397128,1.3704,1.2407,1.1046,0.5199,"{'x': np.float64(-3.356179337687908), 'y': np.float64(3.872361149475905), 'z': np.float64(5.422456317037732)}",2025-10-10T22:54:22.934270,Axion-like
2.6997327826444644,3.2027,2.4209,1.3229,0.5423,"{'x': np.float64(-4.350551472599927), 'y': np.float64(-1.495436291246122), 'z': np.float64(-9.248578192021853)}",2025-10-10T22:54:22.934270,Background
5.242905375106606,4.2661,4.3102,0.9898,0.4513,"{'x': np.float64(0.4502036217117684), 'y': np.float64(-8.907311599980554), 'z': np.float64(9.461563259446656)}",2025-10-10T22:54:22.934270,Background
3.0410276248443857,2.865,2.2235,1.2885,0.3977,"{'x': np.float64(-9.970523558273772), 'y': np.float64(4.5868958817599275), 'z': np.float64(9.336909995985707)}",2025-10-10T22:54:22.934270,Axion-like
6.259148952118475,6.9036,,1.0708,0.3851,"{'x': np.float64(-1.5474160597278175), 'y': np.float64(-3.9413818871914152), 'z': np.float64(-3.494097319539378)}",2025-10-10T22:54:22.935274,Sterile neutrino
6.9995629568763285,6.0229,5.4212,1.111,0.558,"{'x': np.float64(8.038803934983001), 'y': np.float64(6.133870393894785), 'z': np.float64(9.697168055249517)}",2025-10-10T22:54:22.935274,Background
3.29800601620524,3.4448,3.0932,1.1136,0.6422,"{'x': np.float64(-8.43088367365752), 'y': np.float64(0.8899391820773026), 'z': np.float64(4.1864165694521915)}",2025-10-10T22:54:22.935274,WIMP-like
5.707087505313401,5.8892,6.1319,0.9604,0.4431,"{'x': np.float64(-9.151554035862166), 'y': np.float64(-4.693477248890661), 'z': np.float64(2.0310775859964814)}",2025-10-10T22:54:22.935274,Sterile neutrino
7.603524069325316,8.3692,4.9388,1.6946,0.4002,"{'x': np.float64(0.2770892841353536), 'y': np.float64(0.17781111182111786), 'z': np.float64(-2.614384595689179)}",2025-10-10T22:54:22.935274,Sterile neutrino
7.704653259310793,7.5802,8.1638,0.9285,0.5996,"{'x': np.float64(3.891908545065707), 'y': np.float64(4.579621233116329), 'z': np.float64(7.233818075746903)}",2025-10-10T22:54:22.935274,Axion-like
6.813427826963701,5.9863,5.2676,1.1364,0.4383,"{'x': np.float64(-3.2877909146031463), 'y': np.float64(9.570509367782812), 'z': np.float64(7.1307444749585365)}",2025-10-10T22:54:22.935274,Background
7.547535311820038,7.7961,8.1667,0.9546,0.5938,"{'x': np.float64(-0.0748249423527696), 'y': np.float64(-2.389645802602109), 'z': np.float64(-6.73929326136818)}",2025-10-10T22:54:22.935274,Sterile neutrino
6.418146377413961,6.0521,3.8873,1.5569,0.5849,"{'x': np.float64(6.779946554360215), 'y': np.float64(-9.771640330918528), 'z': np.float64(4.073995592581019)}",2025-10-10T22:54:22.935274,Background
,3.8876,4.1418,0.9386,0.5455,"{'x': np.float64(6.342562840311704), 'y': np.float64(0.9286063215569467), 'z': np.float64(9.340705505122923)}",2025-10-10T22:54:22.935274,Background
,4.8905,4.6384,1.0544,0.434,"{'x': np.float64(-6.414887761844199), 'y': np.float64(6.000069635273629), 'z': np.float64(1.0541415143709045)}",2025-10-10T22:54:22.935274,Background
,3.1211,1.8481,1.6889,0.472,"{'x': np.float64(-3.8042428158180153), 'y': np.float64(-4.1990893607512625), 'z': np.float64(7.428280683817086)}",2025-10-10T22:54:22.935274,Axion-like
,6.8539,6.9472,0.9866,0.5617,"{'x': np.float64(1.4349196628749734), 'y': np.float64(6.656607535765421), 'z': np.float64(8.12174120962521)}",2025-10-10T22:54:22.935274,Background
4.59247311025449,4.2465,3.4963,1.2146,0.436,"{'x': np.float64(-2.9408299309528685), 'y': np.float64(2.4258489809922033), 'z': np.float64(-3.319000686624616)}",2025-10-10T22:54:22.935274,Axion-like
3.2971982776727935,2.707,3.2453,0.8341,0.6534,"{'x': np.float64(-4.28483350814588), 'y': np.float64(-1.344662408014747), 'z': np.float64(3.708877664438031)}",2025-10-10T22:54:22.935274,WIMP-like
3.574186389879669,3.4285,3.8714,0.8856,0.4837,"{'x': np.float64(2.8346879459711634), 'y': np.float64(3.4295829733441394), 'z': np.float64(2.6456430727527973)}",2025-10-10T22:54:22.935274,Sterile neutrino
3.85215280339033,4.1196,2.4361,1.6911,0.3674,"{'x': np.float64(-4.442944478205755), 'y': np.float64(-4.473617830682928), 'z': np.float64(-1.3596214481098805)}",2025-10-10T22:54:22.935274,Sterile neutrino
,2.7411,1.5147,1.8096,0.5077,"{'x': np.float64(-1.927979952768176), 'y': np.float64(4.757699696692123), 'z': np.float64(4.091088560548906)}",2025-10-10T22:54:22.935274,WIMP-like
1.7911287015316106,1.7076,1.3036,1.3099,0.407,"{'x': np.float64(-5.893341225864004), 'y': np.float64(-0.3392060488222004), 'z': np.float64(-4.629324878647854)}",2025-10-10T22:54:22.935274,Axion-like
7.252349313165986,8.5506,6.494,1.3167,0.3714,"{'x': np.float64(-8.460410658700674), 'y': np.float64(-8.48832772291866), 'z': np.float64(9.02846441691132)}",2025-10-10T22:54:22.935274,Sterile neutrino
3.4650950212178655,3.5449,3.1092,1.1402,0.4728,"{'x': np.float64(2.9700964023737626), 'y': np.float64(-4.651959442849174), 'z': np.float64(-9.697786315710498)}",2025-10-10T22:54:22.935274,Axion-like
8.096902625597087,8.4826,,1.3801,0.6014,"{'x': np.float64(-4.578074924718685), 'y': np.float64(1.9533656540540623), 'z': np.float64(7.321912672233829)}",2025-10-10T22:54:22.935274,Axion-like
5.863789137772902,5.2023,5.2775,0.9857,0.5341,"{'x': np.float64(4.022791888349474), 'y': np.float64(3.6022377089394535), 'z': np.float64(-1.8369661826660373)}",2025-10-10T22:54:22.935274,Axion-like
4.584807153148482,4.1285,3.7798,1.0922,0.4744,"{'x': np.float64(9.151620301676346), 'y': np.float64(-2.019293647151306), 'z': np.float64(6.796032133288534)}",2025-10-10T22:54:22.935274,WIMP-like
5.986581806224898,7.0776,3.8689,1.8293,0.398,"{'x': np.float64(-9.83360115545616), 'y': np.float64(-1.328344147347714), 'z': np.float64(-8.147490338972656)}",2025-10-10T22:54:22.935274,WIMP-like
5.257153019932671,5.1117,3.8293,1.3349,0.519,"{'x': np.float64(-1.3119336198678049), 'y': np.float64(4.468956357000021), 'z': np.float64(-9.81891676839258)}",2025-10-10T22:54:22.935274,Axion-like
10.669950175890449,11.3408,7.75,1.4633,0.6381,"{'x': np.float64(4.2810544675625355), 'y': np.float64(-8.172170273364472), 'z': np.float64(-6.014593270663983)}",2025-10-10T22:54:22.935274,Background
5.323258777802458,4.3202,3.8841,1.1123,0.5568,"{'x': np.float64(-5.711870340136709), 'y': np.float64(-4.5838734392605485), 'z': np.float64(-5.048804594402272)}",2025-10-10T22:54:22.935274,WIMP-like
4.330001356820281,4.7371,3.9149,1.21,0.4284,"{'x': np.float64(3.4574333719615957), 'y': np.float64(-8.377016429275217), 'z': np.float64(9.029814203535743)}",2025-10-10T22:54:22.935274,Background
5.4917167197837085,6.2055,,1.0589,0.5453,"{'x': np.float64(0.8850793222739544), 'y': np.float64(-5.994359642647482), 'z': np.float64(2.3356721570508228)}",2025-10-10T22:54:22.935274,Background
7.019727108839491,6.9805,4.3896,1.5902,0.5887,"{'x': np.float64(-2.577741231397443), 'y': np.float64(8.415332169267145), 'z': np.float64(1.68897819514852)}",2025-10-10T22:54:22.935274,Axion-like
1.8293006028800503,1.7987,1.9891,0.9043,0.5285,"{'x': np.float64(3.329260950536714), 'y': np.float64(5.747740535046656), 'z': np.float64(-0.9130915386468974)}",2025-10-10T22:54:22.935274,Background
2.3201794620917937,2.4835,,1.3298,0.5693,"{'x': np.float64(-1.149089703705089), 'y': np.float64(2.9864464915376328), 'z': np.float64(8.725612429378533)}",2025-10-10T22:54:22.935274,Background
3.6015556554164143,2.8526,2.6472,1.0776,0.3226,"{'x': np.float64(0.05262485260260874), 'y': np.float64(-8.87647845305122), 'z': np.float64(-0.1780854123366975)}",2025-10-10T22:54:22.935274,Background
3.61597248727114,3.7198,2.5571,1.4547,0.6444,"{'x': np.float64(-6.810154749172835), 'y': np.float64(-6.790747714575471), 'z': np.float64(-8.590161087137107)}",2025-10-10T22:54:22.936273,Axion-like
5.858580128840802,6.7763,5.9203,1.1446,0.3961,"{'x': np.float64(3.7026861974896814), 'y': np.float64(-7.791362731777946), 'z': np.float64(-4.216251074081003)}",2025-10-10T22:54:22.936273,Axion-like
2.6295714726360098,2.6206,2.2605,1.1593,0.4175,"{'x': np.float64(-2.862280496577796), 'y': np.float64(-2.92421682527128), 'z': np.float64(6.571111958121627)}",2025-10-10T22:54:22.936273,WIMP-like
,3.7402,3.4542,1.0828,0.6006,"{'x': np.float64(-3.465149159399184), 'y': np.float64(-2.9115010241389028), 'z': np.float64(0.11268306843917664)}",2025-10-10T22:54:22.936273,WIMP-like
4.004974086577665,4.0805,3.4022,1.1994,0.4149,"{'x': np.float64(-6.1227386412621465), 'y': np.float64(7.176335423363092), 'z': np.float64(3.5388156599367466)}",2025-10-10T22:54:22.936273,Background
4.886157739938034,5.3769,4.0087,1.3413,0.5165,"{'x': np.float64(2.2109351003084914), 'y': np.float64(-6.792691877605137), 'z': np.float64(3.4729083494981534)}",2025-10-10T22:54:22.936273,Axion-like
5.938398769475002,5.2766,3.8977,1.3538,0.4081,"{'x': np.float64(-6.694310197140851), 'y': np.float64(-9.960157295618595), 'z': np.float64(4.374792357070605)}",2025-10-10T22:54:22.936273,Axion-like
4.613487695739016,4.098,3.0421,1.3471,0.6745,"{'x': np.float64(-9.61742067125426), 'y': np.float64(-6.685036460695586), 'z': np.float64(7.817110699662933)}",2025-10-10T22:54:22.936273,Background
3.1772034745031315,2.6469,2.2353,1.1841,0.3741,"{'x': np.float64(0.3844914156041028), 'y': np.float64(2.155053661913051), 'z': np.float64(-5.092953716675779)}",2025-10-10T22:54:22.936273,WIMP-like
4.172308895183098,3.7231,2.9569,1.2591,0.4407,"{'x': np.float64(9.197256054269104), 'y': np.float64(2.326009718514481), 'z': np.float64(1.137568863441917)}",2025-10-10T22:54:22.936273,Axion-like
2.0167762551610866,2.0611,1.9229,1.0719,0.312,"{'x': np.float64(4.042921923636589), 'y': np.float64(-6.566121845891009), 'z': np.float64(0.0022550415325390816)}",2025-10-10T22:54:22.936273,WIMP-like
7.547843109785978,7.8369,6.4497,1.2151,0.4759,"{'x': np.float64(-7.6921071564216525), 'y': np.float64(2.1127577864682294), 'z': np.float64(-7.6559218863953316)}",2025-10-10T22:54:22.936273,Background
,3.0844,2.014,1.5315,0.4592,"{'x': np.float64(-2.16281253623948), 'y': np.float64(7.913495552375572), 'z': np.float64(-5.913672332020594)}",2025-10-10T22:54:22.936273,Axion-like
1.1505462005467486,0.9451,1.1665,0.8102,0.526,"{'x': np.float64(-8.619081873708005), 'y': np.float64(-0.5148995804609271), 'z': np.float64(1.2135658987789988)}",2025-10-10T22:54:22.936273,Background
9.418877665110237,8.3996,5.6381,1.4898,0.5997,"{'x': np.float64(4.468873247098239), 'y': np.float64(0.7131319869515718), 'z': np.float64(6.722354064144977)}",2025-10-10T22:54:22.936273,Sterile neutrino
5.327796934757507,5.3374,4.1174,1.2963,0.5338,"{'x': np.float64(5.8311640518274), 'y': np.float64(-0.9741177394149005), 'z': np.float64(-6.33115607193131)}",2025-10-10T22:54:22.936273,Background
2.9765942358531734,2.8693,3.0094,0.9534,0.4936,"{'x': np.float64(8.035480570924573), 'y': np.float64(-5.930545150048083), 'z': np.float64(-8.66052775949457)}",2025-10-10T22:54:22.936273,Background
3.8972487288284574,3.9698,4.2327,0.9379,0.5941,"{'x': np.float64(-8.668705441715543), 'y': np.float64(2.966360149041911), 'z': np.float64(-8.517891548502659)}",2025-10-10T22:54:22.936273,Background
8.208536724106477,7.9492,8.9716,0.886,0.4508,"{'x': np.float64(1.181185698932044), 'y': np.float64(-3.5767569472809306), 'z': np.float64(-5.597773481904937)}",2025-10-10T22:54:22.936273,Axion-like
2.4040901253676656,1.9808,,1.0544,0.3529,"{'x': np.float64(-0.7152296052155016), 'y': np.float64(4.454755044776093), 'z': np.float64(3.13458969443216)}",2025-10-10T22:54:22.936273,Background
6.142868732642387,6.1678,3.741,1.6487,0.3862,"{'x': np.float64(6.089892848636445), 'y': np.float64(5.456191465806748), 'z': np.float64(0.9683832598712527)}",2025-10-10T22:54:22.936273,Background
8.98309157184364,9.9169,,1.099,0.5415,"{'x': np.float64(0.3601613280924969), 'y': np.float64(-7.193509636129701), 'z': np.float64(3.423149467593774)}",2025-10-10T22:54:22.936273,Sterile neutrino
9.00983227833939,7.8465,6.3055,1.2444,0.5698,"{'x': np.float64(7.808190344386571), 'y': np.float64(4.999555969041417), 'z': np.float64(8.16456977400646)}",2025-10-10T22:54:22.936273,Axion-like
5.871138947738848,6.2372,,1.0164,0.6442,"{'x': np.float64(1.576135090238811), 'y': np.float64(2.647826486567748), 'z': np.float64(-6.870465679927989)}",2025-10-10T22:54:22.936273,Sterile neutrino
11.095892182931491,10.0599,7.7647,1.2956,0.4782,"{'x': np.float64(-3.723463835511689), 'y': np.float64(-5.169987440143331), 'z': np.float64(-5.701747259272083)}",2025-10-10T22:54:22.936273,Background
6.878310287794399,6.8767,4.7587,1.4451,0.4843,"{'x': np.float64(-8.460566612382518), 'y': np.float64(3.9231229027585037), 'z': np.float64(-2.344024711272244)}",2025-10-10T22:54:22.936273,Axion-like
5.69689941229758,6.4713,4.2581,1.5198,0.6031,"{'x': np.float64(3.847178449221163), 'y': np.float64(-4.718760306125624), 'z': np.float64(8.78136958900583)}",2025-10-10T22:54:22.936273,Sterile neutrino
2.254397049378043,1.9982,1.5308,1.3053,0.6105,"{'x': np.float64(3.8928191778745553), 'y': np.float64(-5.625687740041454), 'z': np.float64(1.906065318549782)}",2025-10-10T22:54:22.936273,Background
6.861528442299831,7.7117,6.7736,1.1385,0.3767,"{'x': np.float64(5.217026618615634), 'y': np.float64(-6.245551886154958), 'z': np.float64(-8.232301060309625)}",2025-10-10T22:54:22.936273,WIMP-like
2.8571266023796955,2.7125,1.7162,1.5805,0.6435,"{'x': np.float64(-4.808471014499016), 'y': np.float64(-9.32647192251072), 'z': np.float64(7.583715452024954)}",2025-10-10T22:54:22.936273,Sterile neutrino
5.360109916364534,4.3535,4.9825,0.8738,0.3435,"{'x': np.float64(-3.5394530849181223), 'y': np.float64(7.958383739153316), 'z': np.float64(7.762363778680715)}",2025-10-10T22:54:22.936273,Axion-like
6.322566147886788,7.5113,6.3471,1.1834,0.4708,"{'x': np.float64(6.897426955104578), 'y': np.float64(-5.019825277818201), 'z': np.float64(1.5340479771551259)}",2025-10-10T22:54:22.936273,Sterile neutrino
6.5663272655725065,7.48,7.1895,1.0404,0.5612,"{'x': np.float64(-5.170070294862644), 'y': np.float64(-9.192983462806005), 'z': np.float64(-1.7761696401082805)}",2025-10-10T22:54:22.936273,Sterile neutrino
8.294111287810138,8.4446,6.2227,1.3571,0.4402,"{'x': np.float64(3.0868401098543945), 'y': np.float64(-5.359636393823786), 'z': np.float64(-9.712371078558299)}",2025-10-10T22:54:22.936273,Sterile neutrino
6.142912531800889,6.7586,3.7892,1.7837,0.6329,"{'x': np.float64(6.742392556613044), 'y': np.float64(2.3905240007260673), 'z': np.float64(1.2679070142528026)}",2025-10-10T22:54:22.936273,WIMP-like
7.262404237677854,7.52,6.4713,1.162,0.5331,"{'x': np.float64(9.813583141315316), 'y': np.float64(5.13460334137136), 'z': np.float64(-1.154123890977294)}",2025-10-10T22:54:22.936273,Axion-like
3.090221736022344,2.6538,2.6743,0.9923,0.6532,"{'x': np.float64(8.563641962279029), 'y': np.float64(8.582790400309253), 'z': np.float64(-3.1618944378901936)}",2025-10-10T22:54:22.936273,Axion-like
2.1925518561139947,2.574,2.3427,1.0988,0.5141,"{'x': np.float64(2.990178594148947), 'y': np.float64(6.0882811935494665), 'z': np.float64(4.3020032256739995)}",2025-10-10T22:54:22.937456,Axion-like
3.3614872210502207,3.2725,3.1242,1.0475,0.5124,"{'x': np.float64(3.5506322776736923), 'y': np.float64(-2.5375476315523287), 'z': np.float64(8.833839733160612)}",2025-10-10T22:54:22.937456,Background
4.420984779173083,4.8272,4.2541,1.1347,0.3723,"{'x': np.float64(2.9727791353763102), 'y': np.float64(-4.494235730962797), 'z': np.float64(-6.875868626267561)}",2025-10-10T22:54:22.937456,Axion-like
8.228784619126824,7.2295,7.8999,0.9151,0.6685,"{'x': np.float64(-0.8965601653268713), 'y': np.float64(3.355211832063059), 'z': np.float64(6.7473415954030145)}",2025-10-10T22:54:22.937456,Axion-like
5.836035774107092,6.2863,5.9325,1.0596,0.6331,"{'x': np.float64(6.05621869649001), 'y': np.float64(9.218402938576492), 'z': np.float64(0.7187015770423635)}",2025-10-10T22:54:22.937456,WIMP-like
,1.0899,,0.972,0.4703,"{'x': np.float64(-4.459749513480425), 'y': np.float64(8.42615024425951), 'z': np.float64(1.663816085541951)}",2025-10-10T22:54:22.937456,Background
1.8477938717495843,1.5419,1.1569,1.3327,0.6113,"{'x': np.float64(-1.5332971169360494), 'y': np.float64(-8.308692438055242), 'z': np.float64(2.136939110802782)}",2025-10-10T22:54:22.937456,Background
,2.9162,,1.0979,0.5623,"{'x': np.float64(-6.066928300940826), 'y': np.float64(4.7485217154135455), 'z': np.float64(-4.269609021457541)}",2025-10-10T22:54:22.937456,Sterile neutrino
5.25693134640218,5.1051,,0.9632,0.5075,"{'x': np.float64(-8.752118628034456), 'y': np.float64(-3.294418998434086), 'z': np.float64(-8.6596692449758)}",2025-10-10T22:54:22.937456,Background
4.078070123727516,3.3496,2.8522,1.1744,0.4253,"{'x': np.float64(-5.412684459246552), 'y': np.float64(-0.6178557790484263), 'z': np.float64(-4.628756650927148)}",2025-10-10T22:54:22.937456,Background
1.856349574512363,2.1417,1.4602,1.4668,0.4537,"{'x': np.float64(-4.012332525893035), 'y': np.float64(-5.349880155843376), 'z': np.float64(-7.406420435515293)}",2025-10-10T22:54:22.937456,WIMP-like
3.0440245586428527,3.2618,1.9251,1.6943,0.3704,"{'x': np.float64(-5.789861206693141), 'y': np.float64(6.180472805833528), 'z': np.float64(-7.061561528324585)}",2025-10-10T22:54:22.937456,Axion-like
6.922651675957372,6.0018,4.4658,1.344,0.462,"{'x': np.float64(-0.3092400983997834), 'y': np.float64(-3.951609774429272), 'z': np.float64(1.2681672896770824)}",2025-10-10T22:54:22.937456,Background
3.724715004179572,3.865,3.1928,1.2105,0.5301,"{'x': np.float64(-7.118424279736009), 'y': np.float64(2.479969710579649), 'z': np.float64(-4.527191642784567)}",2025-10-10T22:54:22.937456,Background
2.914219216718518,2.8875,2.2107,1.3061,0.4975,"{'x': np.float64(6.447624223707088), 'y': np.float64(-8.860425460052635), 'z': np.float64(-1.6278545016334007)}",2025-10-10T22:54:22.937456,WIMP-like
10.6674177208698,11.0089,9.9814,1.1029,0.4679,"{'x': np.float64(5.540985713035123), 'y': np.float64(7.244059473163777), 'z': np.float64(-3.7224900655505895)}",2025-10-10T22:54:22.937456,Background
8.20134323140133,9.8821,8.634,1.1446,0.5137,"{'x': np.float64(-2.5706547475124637), 'y': np.float64(-6.096669655626991), 'z': np.float64(-0.21214925186822597)}",2025-10-10T22:54:22.937456,Background
4.35941726592409,4.3364,4.4492,0.9746,0.6704,"{'x': np.float64(-2.7719244186562726), 'y': np.float64(7.195893496232912), 'z': np.float64(-1.863903980965528)}",2025-10-10T22:54:22.937456,WIMP-like
3.4169696181576343,3.8066,,1.6666,0.3036,"{'x': np.float64(-6.071615682559653), 'y': np.float64(9.028896513261838), 'z': np.float64(-6.4901674523728525)}",2025-10-10T22:54:22.937456,Sterile neutrino
11.465827565499886,11.5641,,1.0797,0.6626,"{'x': np.float64(-5.403465484047631), 'y': np.float64(1.0532453555349637), 'z': np.float64(-2.5565348950620574)}",2025-10-10T22:54:22.937456,Sterile neutrino
2.971248601225083,2.95,1.9869,1.4847,0.5402,"{'x': np.float64(-4.427138737699272), 'y': np.float64(-5.6258039935283355), 'z': np.float64(-6.343244402623657)}",2025-10-10T22:54:22.937456,Background
3.4615384827108335,3.9892,3.6966,1.0792,0.5833,"{'x': np.float64(1.4252093987419467), 'y': np.float64(-7.139977546685472), 'z': np.float64(-2.509035132408375)}",2025-10-10T22:54:22.937456,Background
3.4155849637537505,2.8671,3.0168,0.9504,0.6195,"{'x': np.float64(6.902417029920695), 'y': np.float64(5.918527742870047), 'z': np.float64(-6.497537197392935)}",2025-10-10T22:54:22.937456,Axion-like
2.58364095248703,2.2916,2.6784,0.8556,0.5681,"{'x': np.float64(-5.006620945195397), 'y': np.float64(-4.735053069639776), 'z': np.float64(-9.986932184774009)}",2025-10-10T22:54:22.937456,Background
5.138517282634122,5.4618,5.0678,1.0777,0.5375,"{'x': np.float64(-6.959028651510164), 'y': np.float64(-0.8335281082484904), 'z': np.float64(-2.975612253024382)}",2025-10-10T22:54:22.937456,Axion-like
4.497386143890544,5.1553,2.736,1.8843,0.409,"{'x': np.float64(-4.170781730124123), 'y': np.float64(-5.849181275885931), 'z': np.float64(-5.237066926686074)}",2025-10-10T22:54:22.937456,Sterile neutrino
4.423364434738655,4.2701,4.2431,1.0064,0.589,"{'x': np.float64(-6.910155919901484), 'y': np.float64(-0.25469291799898386), 'z': np.float64(-1.400295717578805)}",2025-10-10T22:54:22.937456,Background
3.4526346864123263,3.8962,2.3609,1.6503,0.6388,"{'x': np.float64(-9.390726273820798), 'y': np.float64(-5.911032550714539), 'z': np.float64(-3.191768877714807)}",2025-10-10T22:54:22.937456,Background
15.005876532209268,17.4109,12.7852,1.3618,0.5221,"{'x': np.float64(0.02551289251458755), 'y': np.float64(-8.995139803540358), 'z': np.float64(-9.301768946875523)}",2025-10-10T22:54:22.937456,WIMP-like
1.5895643389466962,1.7953,1.0755,1.6693,0.6725,"{'x': np.float64(-9.500566757659008), 'y': np.float64(-1.0192246413974821), 'z': np.float64(-5.25042886495485)}",2025-10-10T22:54:22.937456,Background
5.009463728056203,4.6317,3.4862,1.3286,0.4107,"{'x': np.float64(-2.404969541613651), 'y': np.float64(6.028915524459073), 'z': np.float64(-2.1581284619085466)}",2025-10-10T22:54:22.937456,Sterile neutrino
3.408608831551817,3.8034,2.4638,1.5437,0.5358,"{'x': np.float64(3.5478625977774563), 'y': np.float64(1.3156310968199278), 'z': np.float64(8.582894344233747)}",2025-10-10T22:54:22.937456,Background
3.2609963983385977,2.6284,3.2981,0.797,0.4834,"{'x': np.float64(0.4947127532286437), 'y': np.float64(5.504881036698986), 'z': np.float64(-5.311487999769707)}",2025-10-10T22:54:22.937456,Axion-like
4.043272614062827,4.8165,3.7973,1.2684,0.4936,"{'x': np.float64(8.664101755186124), 'y': np.float64(-4.690071851418553), 'z': np.float64(2.229272224513217)}",2025-10-10T22:54:22.937456,Background
2.4830673361282485,2.8412,2.6775,1.0612,0.6147,"{'x': np.float64(7.697102353920087), 'y': np.float64(4.781339518787451), 'z': np.float64(-4.450706405500919)}",2025-10-10T22:54:22.937456,Axion-like
6.940430022124545,8.3065,5.25,1.5822,0.6473,"{'x': np.float64(-3.200562724135036), 'y': np.float64(-8.42121194106889), 'z': np.float64(-1.144037269125251)}",2025-10-10T22:54:22.937456,WIMP-like
2.9699560751067273,3.372,3.1755,1.0619,0.3749,"{'x': np.float64(-6.285338559896287), 'y': np.float64(-2.549821368930683), 'z': np.float64(8.572611242307882)}",2025-10-10T22:54:22.938467,Background
5.272612924524874,4.5332,5.7129,0.7935,0.3852,"{'x': np.float64(-1.0657094548295927), 'y': np.float64(0.03035920700332717), 'z': np.float64(-5.06682768389187)}",2025-10-10T22:54:22.938467,WIMP-like
12.598969746680169,13.9232,12.3602,1.1265,0.4628,"{'x': np.float64(1.557822253881767), 'y': np.float64(8.087195499877144), 'z': np.float64(6.348156946122188)}",2025-10-10T22:54:22.938467,WIMP-like
2.7527491925436034,2.6797,2.9065,0.922,0.6747,"{'x': np.float64(7.911256962636774), 'y': np.float64(8.183505281071714), 'z': np.float64(-3.722438469699454)}",2025-10-10T22:54:22.938467,Background
2.5157707867150014,2.2607,1.7862,1.2657,0.5924,"{'x': np.float64(-3.1578475827281194), 'y': np.float64(-1.400847604403566), 'z': np.float64(6.618983421101369)}",2025-10-10T22:54:22.938467,Axion-like
5.39439077748431,5.4127,3.9769,1.361,0.443,"{'x': np.float64(-0.14360830934350766), 'y': np.float64(-4.0011586044595475), 'z': np.float64(1.92163910476612)}",2025-10-10T22:54:22.938467,Background
2.343217652907984,2.073,2.1384,0.9694,0.4762,"{'x': np.float64(8.048260665722069), 'y': np.float64(-3.1208462688462895), 'z': np.float64(4.660002144452465)}",2025-10-10T22:54:22.938467,Axion-like
